Sample Number,PolicyStartDate,Excess,AMI_monthly_premium,AMI_yearly_premium,AMI_Error_code,AMI_selected_address
10001,2024-04-24,550,299.16,897.46,Excess Changed Warning! 500 not an option so 550 selected,
10002,2024-04-24,500,153.88,461.62,No Error,
10003,2024-04-24,500,-1,-1,Webiste Does Not Quote For This House/ Person: GarageFloorArea Column,
10004,2024-04-24,500,-1,-1,"Unknown Error, message: 'Please try again or call us on 0800 100 200'",
10005,2024-04-24,500,-1,-1,"Webiste Does Not Quote For This House/ Person, Not allowing any business use",
10006,2024-04-24,500,-1,-1,No Error,
10338,2024-04-24,500,-1,-1,No Error,
10008,2024-04-24,500,-1,-1,No Error,
10009,2024-04-24,500,-1,-1,No Error,
10010,2024-04-24,500,-1,-1,No Error,
10579,2024-04-24,500,-1,-1,No Error,
10012,2024-04-24,500,-1,-1,No Error,
10923,2024-04-24,500,-1,-1,No Error,
10014,2024-04-24,500,-1,-1,No Error,
10015,2024-04-24,500,-1,-1,No Error,
10016,2024-04-24,500,-1,-1,No Error,
10017,2024-04-24,500,-1,-1,No Error,
10018,2024-04-24,500,-1,-1,No Error,
11860,2024-04-24,500,-1,-1,No Error,
10020,2024-04-24,500,-1,-1,No Error,
10021,2024-04-24,500,-1,-1,No Error,
10022,2024-04-24,500,-1,-1,No Error,
11090,2024-04-24,500,-1,-1,No Error,
10024,2024-04-24,500,-1,-1,No Error,
10025,2024-04-24,500,-1,-1,No Error,
10026,2024-04-24,500,-1,-1,No Error,
10027,2024-04-24,500,-1,-1,No Error,
10028,2024-04-24,500,-1,-1,No Error,
10200,2024-04-24,500,-1,-1,No Error,
10030,2024-04-24,500,-1,-1,No Error,
10031,2024-04-24,500,-1,-1,No Error,
10032,2024-04-24,500,-1,-1,No Error,
10834,2024-04-24,500,-1,-1,No Error,
10034,2024-04-24,500,-1,-1,No Error,
11427,2024-04-24,500,-1,-1,No Error,
10535,2024-04-24,500,-1,-1,No Error,
10037,2024-04-24,500,-1,-1,No Error,
11466,2024-04-24,500,-1,-1,No Error,
10669,2024-04-24,500,-1,-1,No Error,
10613,2024-04-24,500,-1,-1,No Error,
10041,2024-04-24,500,-1,-1,No Error,
10042,2024-04-24,500,-1,-1,No Error,
10043,2024-04-24,500,-1,-1,No Error,
10044,2024-04-24,500,-1,-1,No Error,
10045,2024-04-24,500,-1,-1,No Error,
10046,2024-04-24,500,-1,-1,No Error,
10007,2024-04-24,500,-1,-1,No Error,
10048,2024-04-24,500,-1,-1,No Error,
10049,2024-04-24,500,-1,-1,No Error,
10050,2024-04-24,500,-1,-1,No Error,
10051,2024-04-24,500,-1,-1,No Error,
10052,2024-04-24,500,-1,-1,No Error,
11544,2024-04-24,500,-1,-1,No Error,
10336,2024-04-24,500,-1,-1,No Error,
10055,2024-04-24,500,-1,-1,No Error,
10036,2024-04-24,500,-1,-1,No Error,
10057,2024-04-24,500,-1,-1,No Error,
10058,2024-04-24,500,-1,-1,No Error,
11547,2024-04-24,500,-1,-1,No Error,
11167,2024-04-24,500,-1,-1,No Error,
10061,2024-04-24,500,-1,-1,No Error,
10062,2024-04-24,500,-1,-1,No Error,
10063,2024-04-24,500,-1,-1,No Error,
11267,2024-04-24,500,-1,-1,No Error,
10065,2024-04-24,500,-1,-1,No Error,
10958,2024-04-24,500,-1,-1,No Error,
11292,2024-04-24,500,-1,-1,No Error,
11421,2024-04-24,500,-1,-1,No Error,
11431,2024-04-24,500,-1,-1,No Error,
10070,2024-04-24,500,-1,-1,No Error,
10071,2024-04-24,500,-1,-1,No Error,
10072,2024-04-24,500,-1,-1,No Error,
10073,2024-04-24,500,-1,-1,No Error,
10074,2024-04-24,500,-1,-1,No Error,
10075,2024-04-24,500,-1,-1,No Error,
10076,2024-04-24,500,-1,-1,No Error,
10064,2024-04-24,500,-1,-1,No Error,
10078,2024-04-24,500,-1,-1,No Error,
10079,2024-04-24,500,-1,-1,No Error,
10080,2024-04-24,500,-1,-1,No Error,
10081,2024-04-24,500,-1,-1,No Error,
10082,2024-04-24,500,-1,-1,No Error,
11907,2024-04-24,500,-1,-1,No Error,
10084,2024-04-24,500,-1,-1,No Error,
10085,2024-04-24,500,-1,-1,No Error,
10493,2024-04-24,500,-1,-1,No Error,
10087,2024-04-24,500,-1,-1,No Error,
10088,2024-04-24,500,-1,-1,No Error,
10089,2024-04-24,500,-1,-1,No Error,
11159,2024-04-24,500,-1,-1,No Error,
10091,2024-04-24,500,-1,-1,No Error,
10092,2024-04-24,500,-1,-1,No Error,
11613,2024-04-24,500,-1,-1,No Error,
10094,2024-04-24,500,-1,-1,No Error,
10095,2024-04-24,500,-1,-1,No Error,
10096,2024-04-24,500,-1,-1,No Error,
10102,2024-04-24,500,-1,-1,No Error,
10351,2024-04-24,500,-1,-1,No Error,
10099,2024-04-24,500,-1,-1,No Error,
11231,2024-04-24,500,-1,-1,No Error,
10101,2024-04-24,500,-1,-1,No Error,
10054,2024-04-24,500,-1,-1,No Error,
10103,2024-04-24,500,-1,-1,No Error,
10104,2024-04-24,500,-1,-1,No Error,
11420,2024-04-24,500,-1,-1,No Error,
11741,2024-04-24,500,-1,-1,No Error,
10107,2024-04-24,500,-1,-1,No Error,
10108,2024-04-24,500,-1,-1,No Error,
11911,2024-04-24,500,-1,-1,No Error,
11462,2024-04-24,500,-1,-1,No Error,
10111,2024-04-24,500,-1,-1,No Error,
10112,2024-04-24,500,-1,-1,No Error,
10113,2024-04-24,500,-1,-1,No Error,
11251,2024-04-24,500,-1,-1,No Error,
10115,2024-04-24,500,-1,-1,No Error,
10116,2024-04-24,500,-1,-1,No Error,
10117,2024-04-24,500,-1,-1,No Error,
10769,2024-04-24,500,-1,-1,No Error,
10119,2024-04-24,500,-1,-1,No Error,
10120,2024-04-24,500,-1,-1,No Error,
10121,2024-04-24,500,-1,-1,No Error,
10122,2024-04-24,500,-1,-1,No Error,
10123,2024-04-24,500,-1,-1,No Error,
10124,2024-04-24,500,-1,-1,No Error,
11526,2024-04-24,500,-1,-1,No Error,
10126,2024-04-24,500,-1,-1,No Error,
10127,2024-04-24,500,-1,-1,No Error,
11834,2024-04-24,500,-1,-1,No Error,
10129,2024-04-24,500,-1,-1,No Error,
10917,2024-04-24,500,-1,-1,No Error,
10432,2024-04-24,500,-1,-1,No Error,
10132,2024-04-24,500,-1,-1,No Error,
10133,2024-04-24,500,-1,-1,No Error,
10841,2024-04-24,500,-1,-1,No Error,
10135,2024-04-24,500,-1,-1,No Error,
10136,2024-04-24,500,-1,-1,No Error,
10137,2024-04-24,500,-1,-1,No Error,
11447,2024-04-24,500,-1,-1,No Error,
10139,2024-04-24,500,-1,-1,No Error,
10518,2024-04-24,500,-1,-1,No Error,
10141,2024-04-24,500,-1,-1,No Error,
10142,2024-04-24,500,-1,-1,No Error,
10143,2024-04-24,500,-1,-1,No Error,
10144,2024-04-24,500,-1,-1,No Error,
11660,2024-04-24,500,-1,-1,No Error,
10146,2024-04-24,500,-1,-1,No Error,
10389,2024-04-24,500,-1,-1,No Error,
10148,2024-04-24,500,-1,-1,No Error,
10972,2024-04-24,500,-1,-1,No Error,
10150,2024-04-24,500,-1,-1,No Error,
10151,2024-04-24,500,-1,-1,No Error,
10152,2024-04-24,500,-1,-1,No Error,
10153,2024-04-24,500,-1,-1,No Error,
11244,2024-04-24,500,-1,-1,No Error,
11203,2024-04-24,500,-1,-1,No Error,
10156,2024-04-24,500,-1,-1,No Error,
10157,2024-04-24,500,-1,-1,No Error,
10158,2024-04-24,500,-1,-1,No Error,
10138,2024-04-24,500,-1,-1,No Error,
10160,2024-04-24,500,-1,-1,No Error,
11258,2024-04-24,500,-1,-1,No Error,
11742,2024-04-24,500,-1,-1,No Error,
10489,2024-04-24,500,-1,-1,No Error,
11328,2024-04-24,500,-1,-1,No Error,
10165,2024-04-24,500,-1,-1,No Error,
11942,2024-04-24,500,-1,-1,No Error,
10167,2024-04-24,500,-1,-1,No Error,
11836,2024-04-24,500,-1,-1,No Error,
10169,2024-04-24,500,-1,-1,No Error,
10059,2024-04-24,500,-1,-1,No Error,
10171,2024-04-24,500,-1,-1,No Error,
11172,2024-04-24,500,-1,-1,No Error,
10173,2024-04-24,500,-1,-1,No Error,
10174,2024-04-24,500,-1,-1,No Error,
11559,2024-04-24,500,-1,-1,No Error,
10176,2024-04-24,500,-1,-1,No Error,
10177,2024-04-24,500,-1,-1,No Error,
10178,2024-04-24,500,-1,-1,No Error,
10179,2024-04-24,500,-1,-1,No Error,
10180,2024-04-24,500,-1,-1,No Error,
10181,2024-04-24,500,-1,-1,No Error,
10559,2024-04-24,500,-1,-1,No Error,
10183,2024-04-24,500,-1,-1,No Error,
10184,2024-04-24,500,-1,-1,No Error,
10185,2024-04-24,500,-1,-1,No Error,
10186,2024-04-24,500,-1,-1,No Error,
11337,2024-04-24,500,-1,-1,No Error,
10738,2024-04-24,500,-1,-1,No Error,
10662,2024-04-24,500,-1,-1,No Error,
10190,2024-04-24,500,-1,-1,No Error,
11146,2024-04-24,500,-1,-1,No Error,
10192,2024-04-24,500,-1,-1,No Error,
11056,2024-04-24,500,-1,-1,No Error,
11614,2024-04-24,500,-1,-1,No Error,
10195,2024-04-24,500,-1,-1,No Error,
10196,2024-04-24,500,-1,-1,No Error,
10197,2024-04-24,500,-1,-1,No Error,
11953,2024-04-24,500,-1,-1,No Error,
10199,2024-04-24,500,-1,-1,No Error,
11324,2024-04-24,500,-1,-1,No Error,
10201,2024-04-24,500,-1,-1,No Error,
10202,2024-04-24,500,-1,-1,No Error,
10203,2024-04-24,500,-1,-1,No Error,
10423,2024-04-24,500,-1,-1,No Error,
10205,2024-04-24,500,-1,-1,No Error,
10206,2024-04-24,500,-1,-1,No Error,
10207,2024-04-24,500,-1,-1,No Error,
10208,2024-04-24,500,-1,-1,No Error,
10209,2024-04-24,500,-1,-1,No Error,
10210,2024-04-24,500,-1,-1,No Error,
10211,2024-04-24,500,-1,-1,No Error,
10212,2024-04-24,500,-1,-1,No Error,
10213,2024-04-24,500,-1,-1,No Error,
11340,2024-04-24,500,-1,-1,No Error,
10565,2024-04-24,500,-1,-1,No Error,
11780,2024-04-24,500,-1,-1,No Error,
10217,2024-04-24,500,-1,-1,No Error,
10218,2024-04-24,500,-1,-1,No Error,
10627,2024-04-24,500,-1,-1,No Error,
11575,2024-04-24,500,-1,-1,No Error,
10221,2024-04-24,500,-1,-1,No Error,
10222,2024-04-24,500,-1,-1,No Error,
10791,2024-04-24,500,-1,-1,No Error,
11889,2024-04-24,500,-1,-1,No Error,
10225,2024-04-24,500,-1,-1,No Error,
10226,2024-04-24,500,-1,-1,No Error,
10227,2024-04-24,500,-1,-1,No Error,
10228,2024-04-24,500,-1,-1,No Error,
10229,2024-04-24,500,-1,-1,No Error,
10230,2024-04-24,500,-1,-1,No Error,
10231,2024-04-24,500,-1,-1,No Error,
10232,2024-04-24,500,-1,-1,No Error,
10233,2024-04-24,500,-1,-1,No Error,
10467,2024-04-24,500,-1,-1,No Error,
11600,2024-04-24,500,-1,-1,No Error,
10236,2024-04-24,500,-1,-1,No Error,
10237,2024-04-24,500,-1,-1,No Error,
10506,2024-04-24,500,-1,-1,No Error,
10239,2024-04-24,500,-1,-1,No Error,
10240,2024-04-24,500,-1,-1,No Error,
10060,2024-04-24,500,-1,-1,No Error,
10242,2024-04-24,500,-1,-1,No Error,
10243,2024-04-24,500,-1,-1,No Error,
10244,2024-04-24,500,-1,-1,No Error,
10245,2024-04-24,500,-1,-1,No Error,
10246,2024-04-24,500,-1,-1,No Error,
10948,2024-04-24,500,-1,-1,No Error,
11980,2024-04-24,500,-1,-1,No Error,
10249,2024-04-24,500,-1,-1,No Error,
10915,2024-04-24,500,-1,-1,No Error,
10251,2024-04-24,500,-1,-1,No Error,
10252,2024-04-24,500,-1,-1,No Error,
11612,2024-04-24,500,-1,-1,No Error,
10254,2024-04-24,500,-1,-1,No Error,
10255,2024-04-24,500,-1,-1,No Error,
10256,2024-04-24,500,-1,-1,No Error,
10257,2024-04-24,500,-1,-1,No Error,
11041,2024-04-24,500,-1,-1,No Error,
10259,2024-04-24,500,-1,-1,No Error,
10281,2024-04-24,500,-1,-1,No Error,
10261,2024-04-24,500,-1,-1,No Error,
11769,2024-04-24,500,-1,-1,No Error,
10263,2024-04-24,500,-1,-1,No Error,
11367,2024-04-24,500,-1,-1,No Error,
10265,2024-04-24,500,-1,-1,No Error,
10812,2024-04-24,500,-1,-1,No Error,
11934,2024-04-24,500,-1,-1,No Error,
10268,2024-04-24,500,-1,-1,No Error,
10269,2024-04-24,500,-1,-1,No Error,
10270,2024-04-24,500,-1,-1,No Error,
10271,2024-04-24,500,-1,-1,No Error,
10272,2024-04-24,500,-1,-1,No Error,
10273,2024-04-24,500,-1,-1,No Error,
10274,2024-04-24,500,-1,-1,No Error,
10275,2024-04-24,500,-1,-1,No Error,
10702,2024-04-24,500,-1,-1,No Error,
10299,2024-04-24,500,-1,-1,No Error,
11184,2024-04-24,500,-1,-1,No Error,
10279,2024-04-24,500,-1,-1,No Error,
10280,2024-04-24,500,-1,-1,No Error,
10333,2024-04-24,500,-1,-1,No Error,
10777,2024-04-24,500,-1,-1,No Error,
10283,2024-04-24,500,-1,-1,No Error,
10284,2024-04-24,500,-1,-1,No Error,
10285,2024-04-24,500,-1,-1,No Error,
10286,2024-04-24,500,-1,-1,No Error,
10287,2024-04-24,500,-1,-1,No Error,
10288,2024-04-24,500,-1,-1,No Error,
10289,2024-04-24,500,-1,-1,No Error,
11929,2024-04-24,500,-1,-1,No Error,
10291,2024-04-24,500,-1,-1,No Error,
10292,2024-04-24,500,-1,-1,No Error,
11628,2024-04-24,500,-1,-1,No Error,
10503,2024-04-24,500,-1,-1,No Error,
11031,2024-04-24,500,-1,-1,No Error,
10296,2024-04-24,500,-1,-1,No Error,
10297,2024-04-24,500,-1,-1,No Error,
10298,2024-04-24,500,-1,-1,No Error,
11805,2024-04-24,500,-1,-1,No Error,
10300,2024-04-24,500,-1,-1,No Error,
11998,2024-04-24,500,-1,-1,No Error,
11364,2024-04-24,500,-1,-1,No Error,
10303,2024-04-24,500,-1,-1,No Error,
10304,2024-04-24,500,-1,-1,No Error,
10773,2024-04-24,500,-1,-1,No Error,
11006,2024-04-24,500,-1,-1,No Error,
11519,2024-04-24,500,-1,-1,No Error,
11274,2024-04-24,500,-1,-1,No Error,
10309,2024-04-24,500,-1,-1,No Error,
11603,2024-04-24,500,-1,-1,No Error,
10311,2024-04-24,500,-1,-1,No Error,
11654,2024-04-24,500,-1,-1,No Error,
10039,2024-04-24,500,-1,-1,No Error,
10314,2024-04-24,500,-1,-1,No Error,
10315,2024-04-24,500,-1,-1,No Error,
10316,2024-04-24,500,-1,-1,No Error,
10317,2024-04-24,500,-1,-1,No Error,
10318,2024-04-24,500,-1,-1,No Error,
11305,2024-04-24,500,-1,-1,No Error,
10320,2024-04-24,500,-1,-1,No Error,
10321,2024-04-24,500,-1,-1,No Error,
10322,2024-04-24,500,-1,-1,No Error,
10323,2024-04-24,500,-1,-1,No Error,
11819,2024-04-24,500,-1,-1,No Error,
10325,2024-04-24,500,-1,-1,No Error,
10533,2024-04-24,500,-1,-1,No Error,
10327,2024-04-24,500,-1,-1,No Error,
11194,2024-04-24,500,-1,-1,No Error,
10329,2024-04-24,500,-1,-1,No Error,
10330,2024-04-24,500,-1,-1,No Error,
11262,2024-04-24,500,-1,-1,No Error,
10471,2024-04-24,500,-1,-1,No Error,
10542,2024-04-24,500,-1,-1,No Error,
10554,2024-04-24,500,-1,-1,No Error,
10984,2024-04-24,500,-1,-1,No Error,
10862,2024-04-24,500,-1,-1,No Error,
10337,2024-04-24,500,-1,-1,No Error,
10161,2024-04-24,500,-1,-1,No Error,
10166,2024-04-24,500,-1,-1,No Error,
10340,2024-04-24,500,-1,-1,No Error,
10341,2024-04-24,500,-1,-1,No Error,
10799,2024-04-24,500,-1,-1,No Error,
10883,2024-04-24,500,-1,-1,No Error,
10470,2024-04-24,500,-1,-1,No Error,
10345,2024-04-24,500,-1,-1,No Error,
10346,2024-04-24,500,-1,-1,No Error,
10347,2024-04-24,500,-1,-1,No Error,
10348,2024-04-24,500,-1,-1,No Error,
10349,2024-04-24,500,-1,-1,No Error,
11255,2024-04-24,500,-1,-1,No Error,
10066,2024-04-24,500,-1,-1,No Error,
10352,2024-04-24,500,-1,-1,No Error,
11615,2024-04-24,500,-1,-1,No Error,
10354,2024-04-24,500,-1,-1,No Error,
10355,2024-04-24,500,-1,-1,No Error,
10356,2024-04-24,500,-1,-1,No Error,
10357,2024-04-24,500,-1,-1,No Error,
11937,2024-04-24,500,-1,-1,No Error,
11311,2024-04-24,500,-1,-1,No Error,
10360,2024-04-24,500,-1,-1,No Error,
10361,2024-04-24,500,-1,-1,No Error,
11047,2024-04-24,500,-1,-1,No Error,
11639,2024-04-24,500,-1,-1,No Error,
10364,2024-04-24,500,-1,-1,No Error,
10365,2024-04-24,500,-1,-1,No Error,
10366,2024-04-24,500,-1,-1,No Error,
11866,2024-04-24,500,-1,-1,No Error,
10368,2024-04-24,500,-1,-1,No Error,
10867,2024-04-24,500,-1,-1,No Error,
10370,2024-04-24,500,-1,-1,No Error,
10371,2024-04-24,500,-1,-1,No Error,
11536,2024-04-24,500,-1,-1,No Error,
10373,2024-04-24,500,-1,-1,No Error,
10374,2024-04-24,500,-1,-1,No Error,
10067,2024-04-24,500,-1,-1,No Error,
10093,2024-04-24,500,-1,-1,No Error,
10377,2024-04-24,500,-1,-1,No Error,
11250,2024-04-24,500,-1,-1,No Error,
10379,2024-04-24,500,-1,-1,No Error,
10380,2024-04-24,500,-1,-1,No Error,
10381,2024-04-24,500,-1,-1,No Error,
10033,2024-04-24,500,-1,-1,No Error,
10383,2024-04-24,500,-1,-1,No Error,
11343,2024-04-24,500,-1,-1,No Error,
10576,2024-04-24,500,-1,-1,No Error,
10386,2024-04-24,500,-1,-1,No Error,
10387,2024-04-24,500,-1,-1,No Error,
10388,2024-04-24,500,-1,-1,No Error,
11815,2024-04-24,500,-1,-1,No Error,
10390,2024-04-24,500,-1,-1,No Error,
10391,2024-04-24,500,-1,-1,No Error,
10392,2024-04-24,500,-1,-1,No Error,
10393,2024-04-24,500,-1,-1,No Error,
10394,2024-04-24,500,-1,-1,No Error,
10395,2024-04-24,500,-1,-1,No Error,
10396,2024-04-24,500,-1,-1,No Error,
10397,2024-04-24,500,-1,-1,No Error,
10398,2024-04-24,500,-1,-1,No Error,
10911,2024-04-24,500,-1,-1,No Error,
10400,2024-04-24,500,-1,-1,No Error,
10401,2024-04-24,500,-1,-1,No Error,
10402,2024-04-24,500,-1,-1,No Error,
10260,2024-04-24,500,-1,-1,No Error,
10404,2024-04-24,500,-1,-1,No Error,
10405,2024-04-24,500,-1,-1,No Error,
10248,2024-04-24,500,-1,-1,No Error,
10604,2024-04-24,500,-1,-1,No Error,
10408,2024-04-24,500,-1,-1,No Error,
10409,2024-04-24,500,-1,-1,No Error,
10410,2024-04-24,500,-1,-1,No Error,
10411,2024-04-24,500,-1,-1,No Error,
10845,2024-04-24,500,-1,-1,No Error,
10413,2024-04-24,500,-1,-1,No Error,
10414,2024-04-24,500,-1,-1,No Error,
10219,2024-04-24,500,-1,-1,No Error,
10416,2024-04-24,500,-1,-1,No Error,
10417,2024-04-24,500,-1,-1,No Error,
10418,2024-04-24,500,-1,-1,No Error,
10419,2024-04-24,500,-1,-1,No Error,
10420,2024-04-24,500,-1,-1,No Error,
11594,2024-04-24,500,-1,-1,No Error,
10353,2024-04-24,500,-1,-1,No Error,
10324,2024-04-24,500,-1,-1,No Error,
10424,2024-04-24,500,-1,-1,No Error,
10425,2024-04-24,500,-1,-1,No Error,
10426,2024-04-24,500,-1,-1,No Error,
10427,2024-04-24,500,-1,-1,No Error,
10428,2024-04-24,500,-1,-1,No Error,
10429,2024-04-24,500,-1,-1,No Error,
10430,2024-04-24,500,-1,-1,No Error,
10431,2024-04-24,500,-1,-1,No Error,
10887,2024-04-24,500,-1,-1,No Error,
10433,2024-04-24,500,-1,-1,No Error,
10434,2024-04-24,500,-1,-1,No Error,
10743,2024-04-24,500,-1,-1,No Error,
10436,2024-04-24,500,-1,-1,No Error,
10437,2024-04-24,500,-1,-1,No Error,
10438,2024-04-24,500,-1,-1,No Error,
10439,2024-04-24,500,-1,-1,No Error,
10440,2024-04-24,500,-1,-1,No Error,
10441,2024-04-24,500,-1,-1,No Error,
10442,2024-04-24,500,-1,-1,No Error,
10757,2024-04-24,500,-1,-1,No Error,
10444,2024-04-24,500,-1,-1,No Error,
10047,2024-04-24,500,-1,-1,No Error,
10446,2024-04-24,500,-1,-1,No Error,
11029,2024-04-24,500,-1,-1,No Error,
10448,2024-04-24,500,-1,-1,No Error,
11302,2024-04-24,500,-1,-1,No Error,
10450,2024-04-24,500,-1,-1,No Error,
10451,2024-04-24,500,-1,-1,No Error,
10452,2024-04-24,500,-1,-1,No Error,
10106,2024-04-24,500,-1,-1,No Error,
10454,2024-04-24,500,-1,-1,No Error,
10455,2024-04-24,500,-1,-1,No Error,
10526,2024-04-24,500,-1,-1,No Error,
10457,2024-04-24,500,-1,-1,No Error,
10505,2024-04-24,500,-1,-1,No Error,
10459,2024-04-24,500,-1,-1,No Error,
11872,2024-04-24,500,-1,-1,No Error,
10461,2024-04-24,500,-1,-1,No Error,
10758,2024-04-24,500,-1,-1,No Error,
10463,2024-04-24,500,-1,-1,No Error,
11884,2024-04-24,500,-1,-1,No Error,
10465,2024-04-24,500,-1,-1,No Error,
10466,2024-04-24,500,-1,-1,No Error,
10403,2024-04-24,500,-1,-1,No Error,
10421,2024-04-24,500,-1,-1,No Error,
10469,2024-04-24,500,-1,-1,No Error,
10175,2024-04-24,500,-1,-1,No Error,
10934,2024-04-24,500,-1,-1,No Error,
10472,2024-04-24,500,-1,-1,No Error,
10473,2024-04-24,500,-1,-1,No Error,
10474,2024-04-24,500,-1,-1,No Error,
10475,2024-04-24,500,-1,-1,No Error,
11434,2024-04-24,500,-1,-1,No Error,
11493,2024-04-24,500,-1,-1,No Error,
11856,2024-04-24,500,-1,-1,No Error,
10816,2024-04-24,500,-1,-1,No Error,
10480,2024-04-24,500,-1,-1,No Error,
10481,2024-04-24,500,-1,-1,No Error,
10482,2024-04-24,500,-1,-1,No Error,
10483,2024-04-24,500,-1,-1,No Error,
10484,2024-04-24,500,-1,-1,No Error,
10485,2024-04-24,500,-1,-1,No Error,
10258,2024-04-24,500,-1,-1,No Error,
10931,2024-04-24,500,-1,-1,No Error,
10488,2024-04-24,500,-1,-1,No Error,
11996,2024-04-24,500,-1,-1,No Error,
10658,2024-04-24,500,-1,-1,No Error,
10491,2024-04-24,500,-1,-1,No Error,
10492,2024-04-24,500,-1,-1,No Error,
11918,2024-04-24,500,-1,-1,No Error,
10494,2024-04-24,500,-1,-1,No Error,
10945,2024-04-24,500,-1,-1,No Error,
10496,2024-04-24,500,-1,-1,No Error,
10497,2024-04-24,500,-1,-1,No Error,
10498,2024-04-24,500,-1,-1,No Error,
10499,2024-04-24,500,-1,-1,No Error,
10500,2024-04-24,500,-1,-1,No Error,
11257,2024-04-24,500,-1,-1,No Error,
10502,2024-04-24,500,-1,-1,No Error,
11293,2024-04-24,500,-1,-1,No Error,
10504,2024-04-24,500,-1,-1,No Error,
11595,2024-04-24,500,-1,-1,No Error,
11529,2024-04-24,500,-1,-1,No Error,
10507,2024-04-24,500,-1,-1,No Error,
10508,2024-04-24,500,-1,-1,No Error,
10331,2024-04-24,500,-1,-1,No Error,
11087,2024-04-24,500,-1,-1,No Error,
10511,2024-04-24,500,-1,-1,No Error,
10512,2024-04-24,500,-1,-1,No Error,
10513,2024-04-24,500,-1,-1,No Error,
10514,2024-04-24,500,-1,-1,No Error,
11097,2024-04-24,500,-1,-1,No Error,
10516,2024-04-24,500,-1,-1,No Error,
10517,2024-04-24,500,-1,-1,No Error,
10959,2024-04-24,500,-1,-1,No Error,
10519,2024-04-24,500,-1,-1,No Error,
10520,2024-04-24,500,-1,-1,No Error,
10521,2024-04-24,500,-1,-1,No Error,
10204,2024-04-24,500,-1,-1,No Error,
10159,2024-04-24,500,-1,-1,No Error,
10896,2024-04-24,500,-1,-1,No Error,
10525,2024-04-24,500,-1,-1,No Error,
10170,2024-04-24,500,-1,-1,No Error,
10527,2024-04-24,500,-1,-1,No Error,
10528,2024-04-24,500,-1,-1,No Error,
11966,2024-04-24,500,-1,-1,No Error,
10362,2024-04-24,500,-1,-1,No Error,
10531,2024-04-24,500,-1,-1,No Error,
10532,2024-04-24,500,-1,-1,No Error,
10490,2024-04-24,500,-1,-1,No Error,
10534,2024-04-24,500,-1,-1,No Error,
10339,2024-04-24,500,-1,-1,No Error,
10536,2024-04-24,500,-1,-1,No Error,
10537,2024-04-24,500,-1,-1,No Error,
10538,2024-04-24,500,-1,-1,No Error,
10539,2024-04-24,500,-1,-1,No Error,
10540,2024-04-24,500,-1,-1,No Error,
10541,2024-04-24,500,-1,-1,No Error,
11507,2024-04-24,500,-1,-1,No Error,
10168,2024-04-24,500,-1,-1,No Error,
11832,2024-04-24,500,-1,-1,No Error,
10545,2024-04-24,500,-1,-1,No Error,
10546,2024-04-24,500,-1,-1,No Error,
10547,2024-04-24,500,-1,-1,No Error,
10548,2024-04-24,500,-1,-1,No Error,
10549,2024-04-24,500,-1,-1,No Error,
10550,2024-04-24,500,-1,-1,No Error,
10551,2024-04-24,500,-1,-1,No Error,
11414,2024-04-24,500,-1,-1,No Error,
10553,2024-04-24,500,-1,-1,No Error,
10215,2024-04-24,500,-1,-1,No Error,
10555,2024-04-24,500,-1,-1,No Error,
10556,2024-04-24,500,-1,-1,No Error,
10557,2024-04-24,500,-1,-1,No Error,
10558,2024-04-24,500,-1,-1,No Error,
11261,2024-04-24,500,-1,-1,No Error,
10560,2024-04-24,500,-1,-1,No Error,
10561,2024-04-24,500,-1,-1,No Error,
11912,2024-04-24,500,-1,-1,No Error,
10563,2024-04-24,500,-1,-1,No Error,
10564,2024-04-24,500,-1,-1,No Error,
11494,2024-04-24,500,-1,-1,No Error,
10566,2024-04-24,500,-1,-1,No Error,
11752,2024-04-24,500,-1,-1,No Error,
10568,2024-04-24,500,-1,-1,No Error,
10569,2024-04-24,500,-1,-1,No Error,
10570,2024-04-24,500,-1,-1,No Error,
10571,2024-04-24,500,-1,-1,No Error,
11254,2024-04-24,500,-1,-1,No Error,
10573,2024-04-24,500,-1,-1,No Error,
10574,2024-04-24,500,-1,-1,No Error,
10575,2024-04-24,500,-1,-1,No Error,
10478,2024-04-24,500,-1,-1,No Error,
10577,2024-04-24,500,-1,-1,No Error,
10578,2024-04-24,500,-1,-1,No Error,
10035,2024-04-24,500,-1,-1,No Error,
10580,2024-04-24,500,-1,-1,No Error,
10581,2024-04-24,500,-1,-1,No Error,
10582,2024-04-24,500,-1,-1,No Error,
10583,2024-04-24,500,-1,-1,No Error,
10584,2024-04-24,500,-1,-1,No Error,
10585,2024-04-24,500,-1,-1,No Error,
10586,2024-04-24,500,-1,-1,No Error,
10587,2024-04-24,500,-1,-1,No Error,
10588,2024-04-24,500,-1,-1,No Error,
10589,2024-04-24,500,-1,-1,No Error,
10590,2024-04-24,500,-1,-1,No Error,
10591,2024-04-24,500,-1,-1,No Error,
10592,2024-04-24,500,-1,-1,No Error,
10593,2024-04-24,500,-1,-1,No Error,
10594,2024-04-24,500,-1,-1,No Error,
10595,2024-04-24,500,-1,-1,No Error,
10596,2024-04-24,500,-1,-1,No Error,
10597,2024-04-24,500,-1,-1,No Error,
10598,2024-04-24,500,-1,-1,No Error,
10302,2024-04-24,500,-1,-1,No Error,
10600,2024-04-24,500,-1,-1,No Error,
10601,2024-04-24,500,-1,-1,No Error,
10602,2024-04-24,500,-1,-1,No Error,
10603,2024-04-24,500,-1,-1,No Error,
10369,2024-04-24,500,-1,-1,No Error,
10605,2024-04-24,500,-1,-1,No Error,
10307,2024-04-24,500,-1,-1,No Error,
10607,2024-04-24,500,-1,-1,No Error,
11629,2024-04-24,500,-1,-1,No Error,
10609,2024-04-24,500,-1,-1,No Error,
10610,2024-04-24,500,-1,-1,No Error,
10611,2024-04-24,500,-1,-1,No Error,
10612,2024-04-24,500,-1,-1,No Error,
10312,2024-04-24,500,-1,-1,No Error,
10614,2024-04-24,500,-1,-1,No Error,
10615,2024-04-24,500,-1,-1,No Error,
10616,2024-04-24,500,-1,-1,No Error,
10617,2024-04-24,500,-1,-1,No Error,
10618,2024-04-24,500,-1,-1,No Error,
10619,2024-04-24,500,-1,-1,No Error,
10620,2024-04-24,500,-1,-1,No Error,
10621,2024-04-24,500,-1,-1,No Error,
11861,2024-04-24,500,-1,-1,No Error,
10623,2024-04-24,500,-1,-1,No Error,
11385,2024-04-24,500,-1,-1,No Error,
10625,2024-04-24,500,-1,-1,No Error,
11252,2024-04-24,500,-1,-1,No Error,
11492,2024-04-24,500,-1,-1,No Error,
10628,2024-04-24,500,-1,-1,No Error,
10629,2024-04-24,500,-1,-1,No Error,
10630,2024-04-24,500,-1,-1,No Error,
10631,2024-04-24,500,-1,-1,No Error,
11638,2024-04-24,500,-1,-1,No Error,
10633,2024-04-24,500,-1,-1,No Error,
10634,2024-04-24,500,-1,-1,No Error,
10635,2024-04-24,500,-1,-1,No Error,
10636,2024-04-24,500,-1,-1,No Error,
10637,2024-04-24,500,-1,-1,No Error,
10638,2024-04-24,500,-1,-1,No Error,
10639,2024-04-24,500,-1,-1,No Error,
10640,2024-04-24,500,-1,-1,No Error,
10641,2024-04-24,500,-1,-1,No Error,
10510,2024-04-24,500,-1,-1,No Error,
10643,2024-04-24,500,-1,-1,No Error,
10644,2024-04-24,500,-1,-1,No Error,
10645,2024-04-24,500,-1,-1,No Error,
10646,2024-04-24,500,-1,-1,No Error,
10647,2024-04-24,500,-1,-1,No Error,
10648,2024-04-24,500,-1,-1,No Error,
10649,2024-04-24,500,-1,-1,No Error,
10650,2024-04-24,500,-1,-1,No Error,
11579,2024-04-24,500,-1,-1,No Error,
10652,2024-04-24,500,-1,-1,No Error,
11001,2024-04-24,500,-1,-1,No Error,
10654,2024-04-24,500,-1,-1,No Error,
10655,2024-04-24,500,-1,-1,No Error,
10656,2024-04-24,500,-1,-1,No Error,
10657,2024-04-24,500,-1,-1,No Error,
11035,2024-04-24,500,-1,-1,No Error,
10659,2024-04-24,500,-1,-1,No Error,
10660,2024-04-24,500,-1,-1,No Error,
10661,2024-04-24,500,-1,-1,No Error,
10766,2024-04-24,500,-1,-1,No Error,
10663,2024-04-24,500,-1,-1,No Error,
10664,2024-04-24,500,-1,-1,No Error,
10019,2024-04-24,500,-1,-1,No Error,
10666,2024-04-24,500,-1,-1,No Error,
10399,2024-04-24,500,-1,-1,No Error,
10668,2024-04-24,500,-1,-1,No Error,
10194,2024-04-24,500,-1,-1,No Error,
10670,2024-04-24,500,-1,-1,No Error,
10671,2024-04-24,500,-1,-1,No Error,
10672,2024-04-24,500,-1,-1,No Error,
10673,2024-04-24,500,-1,-1,No Error,
11533,2024-04-24,500,-1,-1,No Error,
10235,2024-04-24,500,-1,-1,No Error,
10676,2024-04-24,500,-1,-1,No Error,
10677,2024-04-24,500,-1,-1,No Error,
10678,2024-04-24,500,-1,-1,No Error,
10679,2024-04-24,500,-1,-1,No Error,
10680,2024-04-24,500,-1,-1,No Error,
10681,2024-04-24,500,-1,-1,No Error,
10682,2024-04-24,500,-1,-1,No Error,
10683,2024-04-24,500,-1,-1,No Error,
10684,2024-04-24,500,-1,-1,No Error,
10685,2024-04-24,500,-1,-1,No Error,
10686,2024-04-24,500,-1,-1,No Error,
10687,2024-04-24,500,-1,-1,No Error,
10688,2024-04-24,500,-1,-1,No Error,
10689,2024-04-24,500,-1,-1,No Error,
10690,2024-04-24,500,-1,-1,No Error,
10264,2024-04-24,500,-1,-1,No Error,
10692,2024-04-24,500,-1,-1,No Error,
10693,2024-04-24,500,-1,-1,No Error,
10694,2024-04-24,500,-1,-1,No Error,
10695,2024-04-24,500,-1,-1,No Error,
10696,2024-04-24,500,-1,-1,No Error,
10697,2024-04-24,500,-1,-1,No Error,
10698,2024-04-24,500,-1,-1,No Error,
10699,2024-04-24,500,-1,-1,No Error,
10700,2024-04-24,500,-1,-1,No Error,
10278,2024-04-24,500,-1,-1,No Error,
11415,2024-04-24,500,-1,-1,No Error,
10422,2024-04-24,500,-1,-1,No Error,
10704,2024-04-24,500,-1,-1,No Error,
11419,2024-04-24,500,-1,-1,No Error,
10706,2024-04-24,500,-1,-1,No Error,
10707,2024-04-24,500,-1,-1,No Error,
10708,2024-04-24,500,-1,-1,No Error,
11045,2024-04-24,500,-1,-1,No Error,
10710,2024-04-24,500,-1,-1,No Error,
10711,2024-04-24,500,-1,-1,No Error,
11708,2024-04-24,500,-1,-1,No Error,
10713,2024-04-24,500,-1,-1,No Error,
10714,2024-04-24,500,-1,-1,No Error,
11712,2024-04-24,500,-1,-1,No Error,
10716,2024-04-24,500,-1,-1,No Error,
10717,2024-04-24,500,-1,-1,No Error,
10718,2024-04-24,500,-1,-1,No Error,
10719,2024-04-24,500,-1,-1,No Error,
10720,2024-04-24,500,-1,-1,No Error,
10335,2024-04-24,500,-1,-1,No Error,
10722,2024-04-24,500,-1,-1,No Error,
10723,2024-04-24,500,-1,-1,No Error,
10724,2024-04-24,500,-1,-1,No Error,
10725,2024-04-24,500,-1,-1,No Error,
10726,2024-04-24,500,-1,-1,No Error,
10727,2024-04-24,500,-1,-1,No Error,
10728,2024-04-24,500,-1,-1,No Error,
10729,2024-04-24,500,-1,-1,No Error,
10730,2024-04-24,500,-1,-1,No Error,
11348,2024-04-24,500,-1,-1,No Error,
10732,2024-04-24,500,-1,-1,No Error,
10038,2024-04-24,500,-1,-1,No Error,
10734,2024-04-24,500,-1,-1,No Error,
10735,2024-04-24,500,-1,-1,No Error,
10114,2024-04-24,500,-1,-1,No Error,
10376,2024-04-24,500,-1,-1,No Error,
11813,2024-04-24,500,-1,-1,No Error,
10832,2024-04-24,500,-1,-1,No Error,
10740,2024-04-24,500,-1,-1,No Error,
10741,2024-04-24,500,-1,-1,No Error,
10742,2024-04-24,500,-1,-1,No Error,
11673,2024-04-24,500,-1,-1,No Error,
10744,2024-04-24,500,-1,-1,No Error,
10745,2024-04-24,500,-1,-1,No Error,
10746,2024-04-24,500,-1,-1,No Error,
10747,2024-04-24,500,-1,-1,No Error,
10748,2024-04-24,500,-1,-1,No Error,
10749,2024-04-24,500,-1,-1,No Error,
10435,2024-04-24,500,-1,-1,No Error,
10751,2024-04-24,500,-1,-1,No Error,
10807,2024-04-24,500,-1,-1,No Error,
10753,2024-04-24,500,-1,-1,No Error,
10754,2024-04-24,500,-1,-1,No Error,
10755,2024-04-24,500,-1,-1,No Error,
10756,2024-04-24,500,-1,-1,No Error,
10086,2024-04-24,500,-1,-1,No Error,
11585,2024-04-24,500,-1,-1,No Error,
10759,2024-04-24,500,-1,-1,No Error,
10760,2024-04-24,500,-1,-1,No Error,
10761,2024-04-24,500,-1,-1,No Error,
10762,2024-04-24,500,-1,-1,No Error,
10763,2024-04-24,500,-1,-1,No Error,
10764,2024-04-24,500,-1,-1,No Error,
10765,2024-04-24,500,-1,-1,No Error,
11413,2024-04-24,500,-1,-1,No Error,
10767,2024-04-24,500,-1,-1,No Error,
11004,2024-04-24,500,-1,-1,No Error,
11443,2024-04-24,500,-1,-1,No Error,
10770,2024-04-24,500,-1,-1,No Error,
10771,2024-04-24,500,-1,-1,No Error,
10772,2024-04-24,500,-1,-1,No Error,
10359,2024-04-24,500,-1,-1,No Error,
10774,2024-04-24,500,-1,-1,No Error,
10775,2024-04-24,500,-1,-1,No Error,
10776,2024-04-24,500,-1,-1,No Error,
10736,2024-04-24,500,-1,-1,No Error,
10622,2024-04-24,500,-1,-1,No Error,
10779,2024-04-24,500,-1,-1,No Error,
10780,2024-04-24,500,-1,-1,No Error,
10781,2024-04-24,500,-1,-1,No Error,
10782,2024-04-24,500,-1,-1,No Error,
10783,2024-04-24,500,-1,-1,No Error,
10784,2024-04-24,500,-1,-1,No Error,
10785,2024-04-24,500,-1,-1,No Error,
10786,2024-04-24,500,-1,-1,No Error,
10572,2024-04-24,500,-1,-1,No Error,
10788,2024-04-24,500,-1,-1,No Error,
11223,2024-04-24,500,-1,-1,No Error,
10790,2024-04-24,500,-1,-1,No Error,
10154,2024-04-24,500,-1,-1,No Error,
10863,2024-04-24,500,-1,-1,No Error,
10793,2024-04-24,500,-1,-1,No Error,
11300,2024-04-24,500,-1,-1,No Error,
10795,2024-04-24,500,-1,-1,No Error,
10796,2024-04-24,500,-1,-1,No Error,
11550,2024-04-24,500,-1,-1,No Error,
10214,2024-04-24,500,-1,-1,No Error,
10712,2024-04-24,500,-1,-1,No Error,
10800,2024-04-24,500,-1,-1,No Error,
10372,2024-04-24,500,-1,-1,No Error,
10802,2024-04-24,500,-1,-1,No Error,
11217,2024-04-24,500,-1,-1,No Error,
10804,2024-04-24,500,-1,-1,No Error,
10805,2024-04-24,500,-1,-1,No Error,
10806,2024-04-24,500,-1,-1,No Error,
10220,2024-04-24,500,-1,-1,No Error,
11201,2024-04-24,500,-1,-1,No Error,
10149,2024-04-24,500,-1,-1,No Error,
10109,2024-04-24,500,-1,-1,No Error,
10811,2024-04-24,500,-1,-1,No Error,
10198,2024-04-24,500,-1,-1,No Error,
11760,2024-04-24,500,-1,-1,No Error,
10814,2024-04-24,500,-1,-1,No Error,
10815,2024-04-24,500,-1,-1,No Error,
10053,2024-04-24,500,-1,-1,No Error,
10817,2024-04-24,500,-1,-1,No Error,
11843,2024-04-24,500,-1,-1,No Error,
10819,2024-04-24,500,-1,-1,No Error,
10820,2024-04-24,500,-1,-1,No Error,
10363,2024-04-24,500,-1,-1,No Error,
10822,2024-04-24,500,-1,-1,No Error,
10823,2024-04-24,500,-1,-1,No Error,
10824,2024-04-24,500,-1,-1,No Error,
10825,2024-04-24,500,-1,-1,No Error,
10826,2024-04-24,500,-1,-1,No Error,
10827,2024-04-24,500,-1,-1,No Error,
10828,2024-04-24,500,-1,-1,No Error,
10829,2024-04-24,500,-1,-1,No Error,
11811,2024-04-24,500,-1,-1,No Error,
10831,2024-04-24,500,-1,-1,No Error,
10476,2024-04-24,500,-1,-1,No Error,
10110,2024-04-24,500,-1,-1,No Error,
10326,2024-04-24,500,-1,-1,No Error,
11883,2024-04-24,500,-1,-1,No Error,
11722,2024-04-24,500,-1,-1,No Error,
10837,2024-04-24,500,-1,-1,No Error,
10838,2024-04-24,500,-1,-1,No Error,
11032,2024-04-24,500,-1,-1,No Error,
10810,2024-04-24,500,-1,-1,No Error,
11062,2024-04-24,500,-1,-1,No Error,
10842,2024-04-24,500,-1,-1,No Error,
10843,2024-04-24,500,-1,-1,No Error,
10844,2024-04-24,500,-1,-1,No Error,
11263,2024-04-24,500,-1,-1,No Error,
10846,2024-04-24,500,-1,-1,No Error,
10847,2024-04-24,500,-1,-1,No Error,
11551,2024-04-24,500,-1,-1,No Error,
10293,2024-04-24,500,-1,-1,No Error,
10850,2024-04-24,500,-1,-1,No Error,
10216,2024-04-24,500,-1,-1,No Error,
10501,2024-04-24,500,-1,-1,No Error,
11944,2024-04-24,500,-1,-1,No Error,
11116,2024-04-24,500,-1,-1,No Error,
10855,2024-04-24,500,-1,-1,No Error,
11018,2024-04-24,500,-1,-1,No Error,
10857,2024-04-24,500,-1,-1,No Error,
10223,2024-04-24,500,-1,-1,No Error,
10859,2024-04-24,500,-1,-1,No Error,
10752,2024-04-24,500,-1,-1,No Error,
10382,2024-04-24,500,-1,-1,No Error,
10342,2024-04-24,500,-1,-1,No Error,
10608,2024-04-24,500,-1,-1,No Error,
10864,2024-04-24,500,-1,-1,No Error,
10865,2024-04-24,500,-1,-1,No Error,
10866,2024-04-24,500,-1,-1,No Error,
11284,2024-04-24,500,-1,-1,No Error,
10871,2024-04-24,500,-1,-1,No Error,
10869,2024-04-24,500,-1,-1,No Error,
10870,2024-04-24,500,-1,-1,No Error,
11982,2024-04-24,500,-1,-1,No Error,
10872,2024-04-24,500,-1,-1,No Error,
10873,2024-04-24,500,-1,-1,No Error,
10874,2024-04-24,500,-1,-1,No Error,
10875,2024-04-24,500,-1,-1,No Error,
10876,2024-04-24,500,-1,-1,No Error,
10877,2024-04-24,500,-1,-1,No Error,
10878,2024-04-24,500,-1,-1,No Error,
10879,2024-04-24,500,-1,-1,No Error,
10880,2024-04-24,500,-1,-1,No Error,
10881,2024-04-24,500,-1,-1,No Error,
10882,2024-04-24,500,-1,-1,No Error,
10852,2024-04-24,500,-1,-1,No Error,
10884,2024-04-24,500,-1,-1,No Error,
10885,2024-04-24,500,-1,-1,No Error,
10886,2024-04-24,500,-1,-1,No Error,
10606,2024-04-24,500,-1,-1,No Error,
11938,2024-04-24,500,-1,-1,No Error,
10889,2024-04-24,500,-1,-1,No Error,
10890,2024-04-24,500,-1,-1,No Error,
10891,2024-04-24,500,-1,-1,No Error,
10892,2024-04-24,500,-1,-1,No Error,
10893,2024-04-24,500,-1,-1,No Error,
10894,2024-04-24,500,-1,-1,No Error,
10477,2024-04-24,500,-1,-1,No Error,
10384,2024-04-24,500,-1,-1,No Error,
10897,2024-04-24,500,-1,-1,No Error,
10898,2024-04-24,500,-1,-1,No Error,
10899,2024-04-24,500,-1,-1,No Error,
10900,2024-04-24,500,-1,-1,No Error,
10901,2024-04-24,500,-1,-1,No Error,
10902,2024-04-24,500,-1,-1,No Error,
10903,2024-04-24,500,-1,-1,No Error,
10904,2024-04-24,500,-1,-1,No Error,
10905,2024-04-24,500,-1,-1,No Error,
10906,2024-04-24,500,-1,-1,No Error,
10907,2024-04-24,500,-1,-1,No Error,
10266,2024-04-24,500,-1,-1,No Error,
10909,2024-04-24,500,-1,-1,No Error,
10910,2024-04-24,500,-1,-1,No Error,
10447,2024-04-24,500,-1,-1,No Error,
10912,2024-04-24,500,-1,-1,No Error,
10913,2024-04-24,500,-1,-1,No Error,
10914,2024-04-24,500,-1,-1,No Error,
11177,2024-04-24,500,-1,-1,No Error,
10916,2024-04-24,500,-1,-1,No Error,
11707,2024-04-24,500,-1,-1,No Error,
11390,2024-04-24,500,-1,-1,No Error,
10919,2024-04-24,500,-1,-1,No Error,
10920,2024-04-24,500,-1,-1,No Error,
10921,2024-04-24,500,-1,-1,No Error,
10922,2024-04-24,500,-1,-1,No Error,
11696,2024-04-24,500,-1,-1,No Error,
10924,2024-04-24,500,-1,-1,No Error,
10925,2024-04-24,500,-1,-1,No Error,
10926,2024-04-24,500,-1,-1,No Error,
10927,2024-04-24,500,-1,-1,No Error,
11515,2024-04-24,500,-1,-1,No Error,
10929,2024-04-24,500,-1,-1,No Error,
10930,2024-04-24,500,-1,-1,No Error,
11057,2024-04-24,500,-1,-1,No Error,
10932,2024-04-24,500,-1,-1,No Error,
10933,2024-04-24,500,-1,-1,No Error,
11833,2024-04-24,500,-1,-1,No Error,
10935,2024-04-24,500,-1,-1,No Error,
10936,2024-04-24,500,-1,-1,No Error,
10937,2024-04-24,500,-1,-1,No Error,
10938,2024-04-24,500,-1,-1,No Error,
10939,2024-04-24,500,-1,-1,No Error,
10940,2024-04-24,500,-1,-1,No Error,
10941,2024-04-24,500,-1,-1,No Error,
10942,2024-04-24,500,-1,-1,No Error,
10943,2024-04-24,500,-1,-1,No Error,
10944,2024-04-24,500,-1,-1,No Error,
11792,2024-04-24,500,-1,-1,No Error,
11141,2024-04-24,500,-1,-1,No Error,
10947,2024-04-24,500,-1,-1,No Error,
10310,2024-04-24,500,-1,-1,No Error,
11162,2024-04-24,500,-1,-1,No Error,
10950,2024-04-24,500,-1,-1,No Error,
10951,2024-04-24,500,-1,-1,No Error,
10952,2024-04-24,500,-1,-1,No Error,
10953,2024-04-24,500,-1,-1,No Error,
10954,2024-04-24,500,-1,-1,No Error,
10955,2024-04-24,500,-1,-1,No Error,
10956,2024-04-24,500,-1,-1,No Error,
11270,2024-04-24,500,-1,-1,No Error,
10908,2024-04-24,500,-1,-1,No Error,
10990,2024-04-24,500,-1,-1,No Error,
10860,2024-04-24,500,-1,-1,No Error,
10961,2024-04-24,500,-1,-1,No Error,
10962,2024-04-24,500,-1,-1,No Error,
10963,2024-04-24,500,-1,-1,No Error,
10964,2024-04-24,500,-1,-1,No Error,
11789,2024-04-24,500,-1,-1,No Error,
10378,2024-04-24,500,-1,-1,No Error,
10967,2024-04-24,500,-1,-1,No Error,
10968,2024-04-24,500,-1,-1,No Error,
10969,2024-04-24,500,-1,-1,No Error,
10970,2024-04-24,500,-1,-1,No Error,
10971,2024-04-24,500,-1,-1,No Error,
11290,2024-04-24,500,-1,-1,No Error,
10973,2024-04-24,500,-1,-1,No Error,
10974,2024-04-24,500,-1,-1,No Error,
10975,2024-04-24,500,-1,-1,No Error,
11349,2024-04-24,500,-1,-1,No Error,
10977,2024-04-24,500,-1,-1,No Error,
10978,2024-04-24,500,-1,-1,No Error,
10979,2024-04-24,500,-1,-1,No Error,
10980,2024-04-24,500,-1,-1,No Error,
10981,2024-04-24,500,-1,-1,No Error,
10982,2024-04-24,500,-1,-1,No Error,
11837,2024-04-24,500,-1,-1,No Error,
10733,2024-04-24,500,-1,-1,No Error,
10985,2024-04-24,500,-1,-1,No Error,
10986,2024-04-24,500,-1,-1,No Error,
11770,2024-04-24,500,-1,-1,No Error,
10988,2024-04-24,500,-1,-1,No Error,
10626,2024-04-24,500,-1,-1,No Error,
11025,2024-04-24,500,-1,-1,No Error,
10983,2024-04-24,500,-1,-1,No Error,
10992,2024-04-24,500,-1,-1,No Error,
11671,2024-04-24,500,-1,-1,No Error,
10994,2024-04-24,500,-1,-1,No Error,
10995,2024-04-24,500,-1,-1,No Error,
10996,2024-04-24,500,-1,-1,No Error,
10997,2024-04-24,500,-1,-1,No Error,
10998,2024-04-24,500,-1,-1,No Error,
10999,2024-04-24,500,-1,-1,No Error,
11000,2024-04-24,500,-1,-1,No Error,
11214,2024-04-24,500,-1,-1,No Error,
11002,2024-04-24,500,-1,-1,No Error,
11003,2024-04-24,500,-1,-1,No Error,
10294,2024-04-24,500,-1,-1,No Error,
11005,2024-04-24,500,-1,-1,No Error,
11908,2024-04-24,500,-1,-1,No Error,
11007,2024-04-24,500,-1,-1,No Error,
11008,2024-04-24,500,-1,-1,No Error,
11009,2024-04-24,500,-1,-1,No Error,
11010,2024-04-24,500,-1,-1,No Error,
11011,2024-04-24,500,-1,-1,No Error,
11012,2024-04-24,500,-1,-1,No Error,
10991,2024-04-24,500,-1,-1,No Error,
11014,2024-04-24,500,-1,-1,No Error,
11015,2024-04-24,500,-1,-1,No Error,
11016,2024-04-24,500,-1,-1,No Error,
10056,2024-04-24,500,-1,-1,No Error,
10460,2024-04-24,500,-1,-1,No Error,
11019,2024-04-24,500,-1,-1,No Error,
11020,2024-04-24,500,-1,-1,No Error,
11021,2024-04-24,500,-1,-1,No Error,
11022,2024-04-24,500,-1,-1,No Error,
11023,2024-04-24,500,-1,-1,No Error,
11165,2024-04-24,500,-1,-1,No Error,
11068,2024-04-24,500,-1,-1,No Error,
11026,2024-04-24,500,-1,-1,No Error,
11027,2024-04-24,500,-1,-1,No Error,
11028,2024-04-24,500,-1,-1,No Error,
11625,2024-04-24,500,-1,-1,No Error,
11183,2024-04-24,500,-1,-1,No Error,
11336,2024-04-24,500,-1,-1,No Error,
10787,2024-04-24,500,-1,-1,No Error,
11033,2024-04-24,500,-1,-1,No Error,
11034,2024-04-24,500,-1,-1,No Error,
10267,2024-04-24,500,-1,-1,No Error,
11036,2024-04-24,500,-1,-1,No Error,
11118,2024-04-24,500,-1,-1,No Error,
11017,2024-04-24,500,-1,-1,No Error,
11039,2024-04-24,500,-1,-1,No Error,
10642,2024-04-24,500,-1,-1,No Error,
10853,2024-04-24,500,-1,-1,No Error,
11042,2024-04-24,500,-1,-1,No Error,
11043,2024-04-24,500,-1,-1,No Error,
11044,2024-04-24,500,-1,-1,No Error,
10778,2024-04-24,500,-1,-1,No Error,
11046,2024-04-24,500,-1,-1,No Error,
10835,2024-04-24,500,-1,-1,No Error,
11048,2024-04-24,500,-1,-1,No Error,
11049,2024-04-24,500,-1,-1,No Error,
11050,2024-04-24,500,-1,-1,No Error,
11051,2024-04-24,500,-1,-1,No Error,
11052,2024-04-24,500,-1,-1,No Error,
11053,2024-04-24,500,-1,-1,No Error,
11054,2024-04-24,500,-1,-1,No Error,
11055,2024-04-24,500,-1,-1,No Error,
11085,2024-04-24,500,-1,-1,No Error,
10358,2024-04-24,500,-1,-1,No Error,
11058,2024-04-24,500,-1,-1,No Error,
11059,2024-04-24,500,-1,-1,No Error,
11060,2024-04-24,500,-1,-1,No Error,
10188,2024-04-24,500,-1,-1,No Error,
10987,2024-04-24,500,-1,-1,No Error,
11063,2024-04-24,500,-1,-1,No Error,
11091,2024-04-24,500,-1,-1,No Error,
11065,2024-04-24,500,-1,-1,No Error,
11066,2024-04-24,500,-1,-1,No Error,
11067,2024-04-24,500,-1,-1,No Error,
11106,2024-04-24,500,-1,-1,No Error,
11069,2024-04-24,500,-1,-1,No Error,
11070,2024-04-24,500,-1,-1,No Error,
11071,2024-04-24,500,-1,-1,No Error,
11072,2024-04-24,500,-1,-1,No Error,
11073,2024-04-24,500,-1,-1,No Error,
11074,2024-04-24,500,-1,-1,No Error,
11393,2024-04-24,500,-1,-1,No Error,
11076,2024-04-24,500,-1,-1,No Error,
11077,2024-04-24,500,-1,-1,No Error,
11078,2024-04-24,500,-1,-1,No Error,
11079,2024-04-24,500,-1,-1,No Error,
10839,2024-04-24,500,-1,-1,No Error,
11081,2024-04-24,500,-1,-1,No Error,
10155,2024-04-24,500,-1,-1,No Error,
11083,2024-04-24,500,-1,-1,No Error,
11084,2024-04-24,500,-1,-1,No Error,
10715,2024-04-24,500,-1,-1,No Error,
11086,2024-04-24,500,-1,-1,No Error,
11941,2024-04-24,500,-1,-1,No Error,
11088,2024-04-24,500,-1,-1,No Error,
11089,2024-04-24,500,-1,-1,No Error,
10632,2024-04-24,500,-1,-1,No Error,
10344,2024-04-24,500,-1,-1,No Error,
11092,2024-04-24,500,-1,-1,No Error,
11093,2024-04-24,500,-1,-1,No Error,
11094,2024-04-24,500,-1,-1,No Error,
10651,2024-04-24,500,-1,-1,No Error,
11096,2024-04-24,500,-1,-1,No Error,
10250,2024-04-24,500,-1,-1,No Error,
10665,2024-04-24,500,-1,-1,No Error,
11099,2024-04-24,500,-1,-1,No Error,
11100,2024-04-24,500,-1,-1,No Error,
11101,2024-04-24,500,-1,-1,No Error,
11102,2024-04-24,500,-1,-1,No Error,
11103,2024-04-24,500,-1,-1,No Error,
11104,2024-04-24,500,-1,-1,No Error,
11807,2024-04-24,500,-1,-1,No Error,
11061,2024-04-24,500,-1,-1,No Error,
11107,2024-04-24,500,-1,-1,No Error,
11108,2024-04-24,500,-1,-1,No Error,
10768,2024-04-24,500,-1,-1,No Error,
11110,2024-04-24,500,-1,-1,No Error,
11111,2024-04-24,500,-1,-1,No Error,
11112,2024-04-24,500,-1,-1,No Error,
11113,2024-04-24,500,-1,-1,No Error,
11114,2024-04-24,500,-1,-1,No Error,
11115,2024-04-24,500,-1,-1,No Error,
11567,2024-04-24,500,-1,-1,No Error,
11117,2024-04-24,500,-1,-1,No Error,
10069,2024-04-24,500,-1,-1,No Error,
11119,2024-04-24,500,-1,-1,No Error,
11917,2024-04-24,500,-1,-1,No Error,
11121,2024-04-24,500,-1,-1,No Error,
11122,2024-04-24,500,-1,-1,No Error,
11123,2024-04-24,500,-1,-1,No Error,
11344,2024-04-24,500,-1,-1,No Error,
11125,2024-04-24,500,-1,-1,No Error,
11126,2024-04-24,500,-1,-1,No Error,
11127,2024-04-24,500,-1,-1,No Error,
11128,2024-04-24,500,-1,-1,No Error,
11129,2024-04-24,500,-1,-1,No Error,
11130,2024-04-24,500,-1,-1,No Error,
11131,2024-04-24,500,-1,-1,No Error,
11132,2024-04-24,500,-1,-1,No Error,
11133,2024-04-24,500,-1,-1,No Error,
11134,2024-04-24,500,-1,-1,No Error,
11135,2024-04-24,500,-1,-1,No Error,
11136,2024-04-24,500,-1,-1,No Error,
11137,2024-04-24,500,-1,-1,No Error,
11138,2024-04-24,500,-1,-1,No Error,
11139,2024-04-24,500,-1,-1,No Error,
11591,2024-04-24,500,-1,-1,No Error,
11665,2024-04-24,500,-1,-1,No Error,
11142,2024-04-24,500,-1,-1,No Error,
11143,2024-04-24,500,-1,-1,No Error,
11144,2024-04-24,500,-1,-1,No Error,
11145,2024-04-24,500,-1,-1,No Error,
11885,2024-04-24,500,-1,-1,No Error,
11147,2024-04-24,500,-1,-1,No Error,
11148,2024-04-24,500,-1,-1,No Error,
11149,2024-04-24,500,-1,-1,No Error,
11150,2024-04-24,500,-1,-1,No Error,
10731,2024-04-24,500,-1,-1,No Error,
11152,2024-04-24,500,-1,-1,No Error,
11153,2024-04-24,500,-1,-1,No Error,
11154,2024-04-24,500,-1,-1,No Error,
11155,2024-04-24,500,-1,-1,No Error,
11156,2024-04-24,500,-1,-1,No Error,
11157,2024-04-24,500,-1,-1,No Error,
11158,2024-04-24,500,-1,-1,No Error,
10313,2024-04-24,500,-1,-1,No Error,
11160,2024-04-24,500,-1,-1,No Error,
11161,2024-04-24,500,-1,-1,No Error,
10851,2024-04-24,500,-1,-1,No Error,
11163,2024-04-24,500,-1,-1,No Error,
11164,2024-04-24,500,-1,-1,No Error,
11645,2024-04-24,500,-1,-1,No Error,
11166,2024-04-24,500,-1,-1,No Error,
10462,2024-04-24,500,-1,-1,No Error,
11168,2024-04-24,500,-1,-1,No Error,
11169,2024-04-24,500,-1,-1,No Error,
11170,2024-04-24,500,-1,-1,No Error,
11171,2024-04-24,500,-1,-1,No Error,
11635,2024-04-24,500,-1,-1,No Error,
11173,2024-04-24,500,-1,-1,No Error,
11174,2024-04-24,500,-1,-1,No Error,
11175,2024-04-24,500,-1,-1,No Error,
11176,2024-04-24,500,-1,-1,No Error,
10703,2024-04-24,500,-1,-1,No Error,
11178,2024-04-24,500,-1,-1,No Error,
11080,2024-04-24,500,-1,-1,No Error,
11479,2024-04-24,500,-1,-1,No Error,
11181,2024-04-24,500,-1,-1,No Error,
11182,2024-04-24,500,-1,-1,No Error,
10946,2024-04-24,500,-1,-1,No Error,
11849,2024-04-24,500,-1,-1,No Error,
11895,2024-04-24,500,-1,-1,No Error,
11186,2024-04-24,500,-1,-1,No Error,
11187,2024-04-24,500,-1,-1,No Error,
11188,2024-04-24,500,-1,-1,No Error,
11189,2024-04-24,500,-1,-1,No Error,
11190,2024-04-24,500,-1,-1,No Error,
11191,2024-04-24,500,-1,-1,No Error,
11192,2024-04-24,500,-1,-1,No Error,
11193,2024-04-24,500,-1,-1,No Error,
10888,2024-04-24,500,-1,-1,No Error,
10928,2024-04-24,500,-1,-1,No Error,
11496,2024-04-24,500,-1,-1,No Error,
11197,2024-04-24,500,-1,-1,No Error,
11198,2024-04-24,500,-1,-1,No Error,
11199,2024-04-24,500,-1,-1,No Error,
11200,2024-04-24,500,-1,-1,No Error,
10801,2024-04-24,500,-1,-1,No Error,
11754,2024-04-24,500,-1,-1,No Error,
10172,2024-04-24,500,-1,-1,No Error,
11204,2024-04-24,500,-1,-1,No Error,
11205,2024-04-24,500,-1,-1,No Error,
11206,2024-04-24,500,-1,-1,No Error,
11207,2024-04-24,500,-1,-1,No Error,
11208,2024-04-24,500,-1,-1,No Error,
11209,2024-04-24,500,-1,-1,No Error,
11210,2024-04-24,500,-1,-1,No Error,
11211,2024-04-24,500,-1,-1,No Error,
11212,2024-04-24,500,-1,-1,No Error,
11213,2024-04-24,500,-1,-1,No Error,
11672,2024-04-24,500,-1,-1,No Error,
11535,2024-04-24,500,-1,-1,No Error,
11216,2024-04-24,500,-1,-1,No Error,
11304,2024-04-24,500,-1,-1,No Error,
11202,2024-04-24,500,-1,-1,No Error,
11219,2024-04-24,500,-1,-1,No Error,
11220,2024-04-24,500,-1,-1,No Error,
11221,2024-04-24,500,-1,-1,No Error,
11222,2024-04-24,500,-1,-1,No Error,
11333,2024-04-24,500,-1,-1,No Error,
11224,2024-04-24,500,-1,-1,No Error,
10193,2024-04-24,500,-1,-1,No Error,
11226,2024-04-24,500,-1,-1,No Error,
11227,2024-04-24,500,-1,-1,No Error,
11228,2024-04-24,500,-1,-1,No Error,
11229,2024-04-24,500,-1,-1,No Error,
11230,2024-04-24,500,-1,-1,No Error,
11338,2024-04-24,500,-1,-1,No Error,
11232,2024-04-24,500,-1,-1,No Error,
11233,2024-04-24,500,-1,-1,No Error,
11234,2024-04-24,500,-1,-1,No Error,
11235,2024-04-24,500,-1,-1,No Error,
11236,2024-04-24,500,-1,-1,No Error,
11237,2024-04-24,500,-1,-1,No Error,
11238,2024-04-24,500,-1,-1,No Error,
11239,2024-04-24,500,-1,-1,No Error,
11240,2024-04-24,500,-1,-1,No Error,
11241,2024-04-24,500,-1,-1,No Error,
11242,2024-04-24,500,-1,-1,No Error,
11243,2024-04-24,500,-1,-1,No Error,
11867,2024-04-24,500,-1,-1,No Error,
10068,2024-04-24,500,-1,-1,No Error,
11246,2024-04-24,500,-1,-1,No Error,
11247,2024-04-24,500,-1,-1,No Error,
11248,2024-04-24,500,-1,-1,No Error,
11249,2024-04-24,500,-1,-1,No Error,
11657,2024-04-24,500,-1,-1,No Error,
10794,2024-04-24,500,-1,-1,No Error,
10949,2024-04-24,500,-1,-1,No Error,
11253,2024-04-24,500,-1,-1,No Error,
11040,2024-04-24,500,-1,-1,No Error,
11105,2024-04-24,500,-1,-1,No Error,
11256,2024-04-24,500,-1,-1,No Error,
11510,2024-04-24,500,-1,-1,No Error,
11880,2024-04-24,500,-1,-1,No Error,
11259,2024-04-24,500,-1,-1,No Error,
11260,2024-04-24,500,-1,-1,No Error,
11196,2024-04-24,500,-1,-1,No Error,
10544,2024-04-24,500,-1,-1,No Error,
10721,2024-04-24,500,-1,-1,No Error,
11264,2024-04-24,500,-1,-1,No Error,
11265,2024-04-24,500,-1,-1,No Error,
11266,2024-04-24,500,-1,-1,No Error,
10957,2024-04-24,500,-1,-1,No Error,
11268,2024-04-24,500,-1,-1,No Error,
10295,2024-04-24,500,-1,-1,No Error,
11446,2024-04-24,500,-1,-1,No Error,
11271,2024-04-24,500,-1,-1,No Error,
10530,2024-04-24,500,-1,-1,No Error,
11273,2024-04-24,500,-1,-1,No Error,
10840,2024-04-24,500,-1,-1,No Error,
11275,2024-04-24,500,-1,-1,No Error,
10509,2024-04-24,500,-1,-1,No Error,
11277,2024-04-24,500,-1,-1,No Error,
11278,2024-04-24,500,-1,-1,No Error,
11279,2024-04-24,500,-1,-1,No Error,
11280,2024-04-24,500,-1,-1,No Error,
11281,2024-04-24,500,-1,-1,No Error,
11282,2024-04-24,500,-1,-1,No Error,
11283,2024-04-24,500,-1,-1,No Error,
11313,2024-04-24,500,-1,-1,No Error,
11285,2024-04-24,500,-1,-1,No Error,
11286,2024-04-24,500,-1,-1,No Error,
11287,2024-04-24,500,-1,-1,No Error,
11288,2024-04-24,500,-1,-1,No Error,
10125,2024-04-24,500,-1,-1,No Error,
10836,2024-04-24,500,-1,-1,No Error,
11291,2024-04-24,500,-1,-1,No Error,
11768,2024-04-24,500,-1,-1,No Error,
11740,2024-04-24,500,-1,-1,No Error,
11294,2024-04-24,500,-1,-1,No Error,
11295,2024-04-24,500,-1,-1,No Error,
11296,2024-04-24,500,-1,-1,No Error,
11297,2024-04-24,500,-1,-1,No Error,
11298,2024-04-24,500,-1,-1,No Error,
11299,2024-04-24,500,-1,-1,No Error,
11362,2024-04-24,500,-1,-1,No Error,
11301,2024-04-24,500,-1,-1,No Error,
11715,2024-04-24,500,-1,-1,No Error,
11868,2024-04-24,500,-1,-1,No Error,
10854,2024-04-24,500,-1,-1,No Error,
11985,2024-04-24,500,-1,-1,No Error,
11306,2024-04-24,500,-1,-1,No Error,
11307,2024-04-24,500,-1,-1,No Error,
11308,2024-04-24,500,-1,-1,No Error,
11309,2024-04-24,500,-1,-1,No Error,
11310,2024-04-24,500,-1,-1,No Error,
10868,2024-04-24,500,-1,-1,No Error,
10562,2024-04-24,500,-1,-1,No Error,
10701,2024-04-24,500,-1,-1,No Error,
11314,2024-04-24,500,-1,-1,No Error,
11315,2024-04-24,500,-1,-1,No Error,
11316,2024-04-24,500,-1,-1,No Error,
11317,2024-04-24,500,-1,-1,No Error,
11583,2024-04-24,500,-1,-1,No Error,
11319,2024-04-24,500,-1,-1,No Error,
11320,2024-04-24,500,-1,-1,No Error,
11321,2024-04-24,500,-1,-1,No Error,
11322,2024-04-24,500,-1,-1,No Error,
11323,2024-04-24,500,-1,-1,No Error,
10445,2024-04-24,500,-1,-1,No Error,
10552,2024-04-24,500,-1,-1,No Error,
11326,2024-04-24,500,-1,-1,No Error,
11327,2024-04-24,500,-1,-1,No Error,
10453,2024-04-24,500,-1,-1,No Error,
11329,2024-04-24,500,-1,-1,No Error,
11330,2024-04-24,500,-1,-1,No Error,
10187,2024-04-24,500,-1,-1,No Error,
11332,2024-04-24,500,-1,-1,No Error,
11870,2024-04-24,500,-1,-1,No Error,
11334,2024-04-24,500,-1,-1,No Error,
11335,2024-04-24,500,-1,-1,No Error,
11331,2024-04-24,500,-1,-1,No Error,
11474,2024-04-24,500,-1,-1,No Error,
10277,2024-04-24,500,-1,-1,No Error,
11339,2024-04-24,500,-1,-1,No Error,
11440,2024-04-24,500,-1,-1,No Error,
11341,2024-04-24,500,-1,-1,No Error,
11180,2024-04-24,500,-1,-1,No Error,
11124,2024-04-24,500,-1,-1,No Error,
11502,2024-04-24,500,-1,-1,No Error,
11345,2024-04-24,500,-1,-1,No Error,
11346,2024-04-24,500,-1,-1,No Error,
11347,2024-04-24,500,-1,-1,No Error,
10653,2024-04-24,500,-1,-1,No Error,
10674,2024-04-24,500,-1,-1,No Error,
11350,2024-04-24,500,-1,-1,No Error,
11351,2024-04-24,500,-1,-1,No Error,
11352,2024-04-24,500,-1,-1,No Error,
11353,2024-04-24,500,-1,-1,No Error,
11354,2024-04-24,500,-1,-1,No Error,
11355,2024-04-24,500,-1,-1,No Error,
10895,2024-04-24,500,-1,-1,No Error,
11357,2024-04-24,500,-1,-1,No Error,
11358,2024-04-24,500,-1,-1,No Error,
11359,2024-04-24,500,-1,-1,No Error,
11360,2024-04-24,500,-1,-1,No Error,
11361,2024-04-24,500,-1,-1,No Error,
10162,2024-04-24,500,-1,-1,No Error,
11363,2024-04-24,500,-1,-1,No Error,
11984,2024-04-24,500,-1,-1,No Error,
11365,2024-04-24,500,-1,-1,No Error,
11366,2024-04-24,500,-1,-1,No Error,
10262,2024-04-24,500,-1,-1,No Error,
11368,2024-04-24,500,-1,-1,No Error,
11369,2024-04-24,500,-1,-1,No Error,
11370,2024-04-24,500,-1,-1,No Error,
11371,2024-04-24,500,-1,-1,No Error,
11372,2024-04-24,500,-1,-1,No Error,
11373,2024-04-24,500,-1,-1,No Error,
11374,2024-04-24,500,-1,-1,No Error,
11375,2024-04-24,500,-1,-1,No Error,
11376,2024-04-24,500,-1,-1,No Error,
11377,2024-04-24,500,-1,-1,No Error,
11378,2024-04-24,500,-1,-1,No Error,
11379,2024-04-24,500,-1,-1,No Error,
11380,2024-04-24,500,-1,-1,No Error,
11381,2024-04-24,500,-1,-1,No Error,
11382,2024-04-24,500,-1,-1,No Error,
11383,2024-04-24,500,-1,-1,No Error,
11384,2024-04-24,500,-1,-1,No Error,
10667,2024-04-24,500,-1,-1,No Error,
11386,2024-04-24,500,-1,-1,No Error,
11387,2024-04-24,500,-1,-1,No Error,
11388,2024-04-24,500,-1,-1,No Error,
11389,2024-04-24,500,-1,-1,No Error,
11864,2024-04-24,500,-1,-1,No Error,
11391,2024-04-24,500,-1,-1,No Error,
11392,2024-04-24,500,-1,-1,No Error,
10224,2024-04-24,500,-1,-1,No Error,
11394,2024-04-24,500,-1,-1,No Error,
11395,2024-04-24,500,-1,-1,No Error,
11396,2024-04-24,500,-1,-1,No Error,
11397,2024-04-24,500,-1,-1,No Error,
11398,2024-04-24,500,-1,-1,No Error,
11399,2024-04-24,500,-1,-1,No Error,
11400,2024-04-24,500,-1,-1,No Error,
11401,2024-04-24,500,-1,-1,No Error,
11402,2024-04-24,500,-1,-1,No Error,
11403,2024-04-24,500,-1,-1,No Error,
10189,2024-04-24,500,-1,-1,No Error,
11405,2024-04-24,500,-1,-1,No Error,
11406,2024-04-24,500,-1,-1,No Error,
11407,2024-04-24,500,-1,-1,No Error,
11408,2024-04-24,500,-1,-1,No Error,
11409,2024-04-24,500,-1,-1,No Error,
11410,2024-04-24,500,-1,-1,No Error,
11411,2024-04-24,500,-1,-1,No Error,
11412,2024-04-24,500,-1,-1,No Error,
11082,2024-04-24,500,-1,-1,No Error,
10083,2024-04-24,500,-1,-1,No Error,
11957,2024-04-24,500,-1,-1,No Error,
11416,2024-04-24,500,-1,-1,No Error,
11417,2024-04-24,500,-1,-1,No Error,
11418,2024-04-24,500,-1,-1,No Error,
10809,2024-04-24,500,-1,-1,No Error,
10479,2024-04-24,500,-1,-1,No Error,
10098,2024-04-24,500,-1,-1,No Error,
11422,2024-04-24,500,-1,-1,No Error,
11423,2024-04-24,500,-1,-1,No Error,
10858,2024-04-24,500,-1,-1,No Error,
11425,2024-04-24,500,-1,-1,No Error,
11426,2024-04-24,500,-1,-1,No Error,
10443,2024-04-24,500,-1,-1,No Error,
11428,2024-04-24,500,-1,-1,No Error,
11429,2024-04-24,500,-1,-1,No Error,
11430,2024-04-24,500,-1,-1,No Error,
10797,2024-04-24,500,-1,-1,No Error,
11432,2024-04-24,500,-1,-1,No Error,
11433,2024-04-24,500,-1,-1,No Error,
10328,2024-04-24,500,-1,-1,No Error,
11435,2024-04-24,500,-1,-1,No Error,
11436,2024-04-24,500,-1,-1,No Error,
11437,2024-04-24,500,-1,-1,No Error,
11438,2024-04-24,500,-1,-1,No Error,
11439,2024-04-24,500,-1,-1,No Error,
10524,2024-04-24,500,-1,-1,No Error,
11441,2024-04-24,500,-1,-1,No Error,
11442,2024-04-24,500,-1,-1,No Error,
11215,2024-04-24,500,-1,-1,No Error,
11444,2024-04-24,500,-1,-1,No Error,
11986,2024-04-24,500,-1,-1,No Error,
11098,2024-04-24,500,-1,-1,No Error,
10077,2024-04-24,500,-1,-1,No Error,
11448,2024-04-24,500,-1,-1,No Error,
11449,2024-04-24,500,-1,-1,No Error,
11450,2024-04-24,500,-1,-1,No Error,
11451,2024-04-24,500,-1,-1,No Error,
10385,2024-04-24,500,-1,-1,No Error,
11453,2024-04-24,500,-1,-1,No Error,
11454,2024-04-24,500,-1,-1,No Error,
11455,2024-04-24,500,-1,-1,No Error,
11456,2024-04-24,500,-1,-1,No Error,
11457,2024-04-24,500,-1,-1,No Error,
11458,2024-04-24,500,-1,-1,No Error,
11459,2024-04-24,500,-1,-1,No Error,
11460,2024-04-24,500,-1,-1,No Error,
11461,2024-04-24,500,-1,-1,No Error,
10458,2024-04-24,500,-1,-1,No Error,
11463,2024-04-24,500,-1,-1,No Error,
11464,2024-04-24,500,-1,-1,No Error,
11465,2024-04-24,500,-1,-1,No Error,
10456,2024-04-24,500,-1,-1,No Error,
11467,2024-04-24,500,-1,-1,No Error,
11318,2024-04-24,500,-1,-1,No Error,
11469,2024-04-24,500,-1,-1,No Error,
11470,2024-04-24,500,-1,-1,No Error,
11471,2024-04-24,500,-1,-1,No Error,
11472,2024-04-24,500,-1,-1,No Error,
10147,2024-04-24,500,-1,-1,No Error,
11857,2024-04-24,500,-1,-1,No Error,
11475,2024-04-24,500,-1,-1,No Error,
11038,2024-04-24,500,-1,-1,No Error,
11477,2024-04-24,500,-1,-1,No Error,
11478,2024-04-24,500,-1,-1,No Error,
10238,2024-04-24,500,-1,-1,No Error,
11480,2024-04-24,500,-1,-1,No Error,
11481,2024-04-24,500,-1,-1,No Error,
11482,2024-04-24,500,-1,-1,No Error,
11483,2024-04-24,500,-1,-1,No Error,
11484,2024-04-24,500,-1,-1,No Error,
11485,2024-04-24,500,-1,-1,No Error,
11486,2024-04-24,500,-1,-1,No Error,
11487,2024-04-24,500,-1,-1,No Error,
11488,2024-04-24,500,-1,-1,No Error,
11489,2024-04-24,500,-1,-1,No Error,
11490,2024-04-24,500,-1,-1,No Error,
11491,2024-04-24,500,-1,-1,No Error,
10130,2024-04-24,500,-1,-1,No Error,
10013,2024-04-24,500,-1,-1,No Error,
11823,2024-04-24,500,-1,-1,No Error,
11495,2024-04-24,500,-1,-1,No Error,
10705,2024-04-24,500,-1,-1,No Error,
11497,2024-04-24,500,-1,-1,No Error,
11498,2024-04-24,500,-1,-1,No Error,
11499,2024-04-24,500,-1,-1,No Error,
11500,2024-04-24,500,-1,-1,No Error,
11501,2024-04-24,500,-1,-1,No Error,
10182,2024-04-24,500,-1,-1,No Error,
11503,2024-04-24,500,-1,-1,No Error,
11504,2024-04-24,500,-1,-1,No Error,
11505,2024-04-24,500,-1,-1,No Error,
11506,2024-04-24,500,-1,-1,No Error,
11750,2024-04-24,500,-1,-1,No Error,
11508,2024-04-24,500,-1,-1,No Error,
11509,2024-04-24,500,-1,-1,No Error,
11195,2024-04-24,500,-1,-1,No Error,
11511,2024-04-24,500,-1,-1,No Error,
11704,2024-04-24,500,-1,-1,No Error,
11513,2024-04-24,500,-1,-1,No Error,
11514,2024-04-24,500,-1,-1,No Error,
11356,2024-04-24,500,-1,-1,No Error,
11516,2024-04-24,500,-1,-1,No Error,
11517,2024-04-24,500,-1,-1,No Error,
11518,2024-04-24,500,-1,-1,No Error,
10803,2024-04-24,500,-1,-1,No Error,
11520,2024-04-24,500,-1,-1,No Error,
11521,2024-04-24,500,-1,-1,No Error,
11522,2024-04-24,500,-1,-1,No Error,
11523,2024-04-24,500,-1,-1,No Error,
11524,2024-04-24,500,-1,-1,No Error,
11525,2024-04-24,500,-1,-1,No Error,
10487,2024-04-24,500,-1,-1,No Error,
11527,2024-04-24,500,-1,-1,No Error,
10343,2024-04-24,500,-1,-1,No Error,
11120,2024-04-24,500,-1,-1,No Error,
10750,2024-04-24,500,-1,-1,No Error,
11531,2024-04-24,500,-1,-1,No Error,
11532,2024-04-24,500,-1,-1,No Error,
10798,2024-04-24,500,-1,-1,No Error,
11534,2024-04-24,500,-1,-1,No Error,
10332,2024-04-24,500,-1,-1,No Error,
10830,2024-04-24,500,-1,-1,No Error,
11537,2024-04-24,500,-1,-1,No Error,
11538,2024-04-24,500,-1,-1,No Error,
11539,2024-04-24,500,-1,-1,No Error,
11540,2024-04-24,500,-1,-1,No Error,
11541,2024-04-24,500,-1,-1,No Error,
11542,2024-04-24,500,-1,-1,No Error,
11543,2024-04-24,500,-1,-1,No Error,
11476,2024-04-24,500,-1,-1,No Error,
11545,2024-04-24,500,-1,-1,No Error,
11546,2024-04-24,500,-1,-1,No Error,
11037,2024-04-24,500,-1,-1,No Error,
11548,2024-04-24,500,-1,-1,No Error,
11549,2024-04-24,500,-1,-1,No Error,
11109,2024-04-24,500,-1,-1,No Error,
11245,2024-04-24,500,-1,-1,No Error,
11552,2024-04-24,500,-1,-1,No Error,
11553,2024-04-24,500,-1,-1,No Error,
11554,2024-04-24,500,-1,-1,No Error,
11555,2024-04-24,500,-1,-1,No Error,
11556,2024-04-24,500,-1,-1,No Error,
11557,2024-04-24,500,-1,-1,No Error,
11558,2024-04-24,500,-1,-1,No Error,
10253,2024-04-24,500,-1,-1,No Error,
11561,2024-04-24,500,-1,-1,No Error,
11024,2024-04-24,500,-1,-1,No Error,
11619,2024-04-24,500,-1,-1,No Error,
11563,2024-04-24,500,-1,-1,No Error,
11564,2024-04-24,500,-1,-1,No Error,
11565,2024-04-24,500,-1,-1,No Error,
11566,2024-04-24,500,-1,-1,No Error,
10976,2024-04-24,500,-1,-1,No Error,
10367,2024-04-24,500,-1,-1,No Error,
11569,2024-04-24,500,-1,-1,No Error,
11570,2024-04-24,500,-1,-1,No Error,
11571,2024-04-24,500,-1,-1,No Error,
11572,2024-04-24,500,-1,-1,No Error,
10412,2024-04-24,500,-1,-1,No Error,
11574,2024-04-24,500,-1,-1,No Error,
10515,2024-04-24,500,-1,-1,No Error,
11576,2024-04-24,500,-1,-1,No Error,
11577,2024-04-24,500,-1,-1,No Error,
11578,2024-04-24,500,-1,-1,No Error,
10131,2024-04-24,500,-1,-1,No Error,
11580,2024-04-24,500,-1,-1,No Error,
11289,2024-04-24,500,-1,-1,No Error,
11582,2024-04-24,500,-1,-1,No Error,
11927,2024-04-24,500,-1,-1,No Error,
11584,2024-04-24,500,-1,-1,No Error,
11739,2024-04-24,500,-1,-1,No Error,
11586,2024-04-24,500,-1,-1,No Error,
11587,2024-04-24,500,-1,-1,No Error,
11588,2024-04-24,500,-1,-1,No Error,
11589,2024-04-24,500,-1,-1,No Error,
10965,2024-04-24,500,-1,-1,No Error,
10709,2024-04-24,500,-1,-1,No Error,
11592,2024-04-24,500,-1,-1,No Error,
11593,2024-04-24,500,-1,-1,No Error,
10821,2024-04-24,500,-1,-1,No Error,
10164,2024-04-24,500,-1,-1,No Error,
11596,2024-04-24,500,-1,-1,No Error,
11597,2024-04-24,500,-1,-1,No Error,
11598,2024-04-24,500,-1,-1,No Error,
11599,2024-04-24,500,-1,-1,No Error,
10818,2024-04-24,500,-1,-1,No Error,
11601,2024-04-24,500,-1,-1,No Error,
11602,2024-04-24,500,-1,-1,No Error,
10966,2024-04-24,500,-1,-1,No Error,
11573,2024-04-24,500,-1,-1,No Error,
11605,2024-04-24,500,-1,-1,No Error,
11606,2024-04-24,500,-1,-1,No Error,
11607,2024-04-24,500,-1,-1,No Error,
11608,2024-04-24,500,-1,-1,No Error,
11609,2024-04-24,500,-1,-1,No Error,
11610,2024-04-24,500,-1,-1,No Error,
11611,2024-04-24,500,-1,-1,No Error,
11897,2024-04-24,500,-1,-1,No Error,
11659,2024-04-24,500,-1,-1,No Error,
10276,2024-04-24,500,-1,-1,No Error,
10118,2024-04-24,500,-1,-1,No Error,
11616,2024-04-24,500,-1,-1,No Error,
11617,2024-04-24,500,-1,-1,No Error,
11618,2024-04-24,500,-1,-1,No Error,
11404,2024-04-24,500,-1,-1,No Error,
11620,2024-04-24,500,-1,-1,No Error,
11621,2024-04-24,500,-1,-1,No Error,
11622,2024-04-24,500,-1,-1,No Error,
11623,2024-04-24,500,-1,-1,No Error,
11624,2024-04-24,500,-1,-1,No Error,
11445,2024-04-24,500,-1,-1,No Error,
11626,2024-04-24,500,-1,-1,No Error,
11928,2024-04-24,500,-1,-1,No Error,
11759,2024-04-24,500,-1,-1,No Error,
11839,2024-04-24,500,-1,-1,No Error,
11630,2024-04-24,500,-1,-1,No Error,
11631,2024-04-24,500,-1,-1,No Error,
11632,2024-04-24,500,-1,-1,No Error,
11633,2024-04-24,500,-1,-1,No Error,
11634,2024-04-24,500,-1,-1,No Error,
11312,2024-04-24,500,-1,-1,No Error,
11636,2024-04-24,500,-1,-1,No Error,
11637,2024-04-24,500,-1,-1,No Error,
11075,2024-04-24,500,-1,-1,No Error,
11702,2024-04-24,500,-1,-1,No Error,
11640,2024-04-24,500,-1,-1,No Error,
11641,2024-04-24,500,-1,-1,No Error,
11642,2024-04-24,500,-1,-1,No Error,
11643,2024-04-24,500,-1,-1,No Error,
11644,2024-04-24,500,-1,-1,No Error,
10350,2024-04-24,500,-1,-1,No Error,
11646,2024-04-24,500,-1,-1,No Error,
11647,2024-04-24,500,-1,-1,No Error,
11648,2024-04-24,500,-1,-1,No Error,
11649,2024-04-24,500,-1,-1,No Error,
11650,2024-04-24,500,-1,-1,No Error,
11651,2024-04-24,500,-1,-1,No Error,
11814,2024-04-24,500,-1,-1,No Error,
11653,2024-04-24,500,-1,-1,No Error,
10449,2024-04-24,500,-1,-1,No Error,
11655,2024-04-24,500,-1,-1,No Error,
11656,2024-04-24,500,-1,-1,No Error,
10813,2024-04-24,500,-1,-1,No Error,
11658,2024-04-24,500,-1,-1,No Error,
10737,2024-04-24,500,-1,-1,No Error,
11269,2024-04-24,500,-1,-1,No Error,
11661,2024-04-24,500,-1,-1,No Error,
11662,2024-04-24,500,-1,-1,No Error,
11663,2024-04-24,500,-1,-1,No Error,
11664,2024-04-24,500,-1,-1,No Error,
10319,2024-04-24,500,-1,-1,No Error,
11666,2024-04-24,500,-1,-1,No Error,
11667,2024-04-24,500,-1,-1,No Error,
11668,2024-04-24,500,-1,-1,No Error,
11669,2024-04-24,500,-1,-1,No Error,
11670,2024-04-24,500,-1,-1,No Error,
10406,2024-04-24,500,-1,-1,No Error,
10247,2024-04-24,500,-1,-1,No Error,
10306,2024-04-24,500,-1,-1,No Error,
11674,2024-04-24,500,-1,-1,No Error,
11675,2024-04-24,500,-1,-1,No Error,
11676,2024-04-24,500,-1,-1,No Error,
10960,2024-04-24,500,-1,-1,No Error,
11678,2024-04-24,500,-1,-1,No Error,
11679,2024-04-24,500,-1,-1,No Error,
11680,2024-04-24,500,-1,-1,No Error,
11681,2024-04-24,500,-1,-1,No Error,
11682,2024-04-24,500,-1,-1,No Error,
11683,2024-04-24,500,-1,-1,No Error,
11684,2024-04-24,500,-1,-1,No Error,
11685,2024-04-24,500,-1,-1,No Error,
11686,2024-04-24,500,-1,-1,No Error,
11687,2024-04-24,500,-1,-1,No Error,
11688,2024-04-24,500,-1,-1,No Error,
11689,2024-04-24,500,-1,-1,No Error,
11690,2024-04-24,500,-1,-1,No Error,
11691,2024-04-24,500,-1,-1,No Error,
10523,2024-04-24,500,-1,-1,No Error,
11693,2024-04-24,500,-1,-1,No Error,
11694,2024-04-24,500,-1,-1,No Error,
11695,2024-04-24,500,-1,-1,No Error,
11473,2024-04-24,500,-1,-1,No Error,
11697,2024-04-24,500,-1,-1,No Error,
11698,2024-04-24,500,-1,-1,No Error,
11699,2024-04-24,500,-1,-1,No Error,
11700,2024-04-24,500,-1,-1,No Error,
11701,2024-04-24,500,-1,-1,No Error,
11013,2024-04-24,500,-1,-1,No Error,
11703,2024-04-24,500,-1,-1,No Error,
10163,2024-04-24,500,-1,-1,No Error,
11705,2024-04-24,500,-1,-1,No Error,
11706,2024-04-24,500,-1,-1,No Error,
11276,2024-04-24,500,-1,-1,No Error,
10029,2024-04-24,500,-1,-1,No Error,
11709,2024-04-24,500,-1,-1,No Error,
11218,2024-04-24,500,-1,-1,No Error,
10861,2024-04-24,500,-1,-1,No Error,
10234,2024-04-24,500,-1,-1,No Error,
10989,2024-04-24,500,-1,-1,No Error,
10567,2024-04-24,500,-1,-1,No Error,
10040,2024-04-24,500,-1,-1,No Error,
11716,2024-04-24,500,-1,-1,No Error,
11717,2024-04-24,500,-1,-1,No Error,
11718,2024-04-24,500,-1,-1,No Error,
11956,2024-04-24,500,-1,-1,No Error,
10375,2024-04-24,500,-1,-1,No Error,
11721,2024-04-24,500,-1,-1,No Error,
11991,2024-04-24,500,-1,-1,No Error,
11723,2024-04-24,500,-1,-1,No Error,
11865,2024-04-24,500,-1,-1,No Error,
11725,2024-04-24,500,-1,-1,No Error,
11726,2024-04-24,500,-1,-1,No Error,
11727,2024-04-24,500,-1,-1,No Error,
11728,2024-04-24,500,-1,-1,No Error,
11729,2024-04-24,500,-1,-1,No Error,
11730,2024-04-24,500,-1,-1,No Error,
11731,2024-04-24,500,-1,-1,No Error,
11732,2024-04-24,500,-1,-1,No Error,
11733,2024-04-24,500,-1,-1,No Error,
11652,2024-04-24,500,-1,-1,No Error,
11735,2024-04-24,500,-1,-1,No Error,
11736,2024-04-24,500,-1,-1,No Error,
11737,2024-04-24,500,-1,-1,No Error,
11738,2024-04-24,500,-1,-1,No Error,
11185,2024-04-24,500,-1,-1,No Error,
11568,2024-04-24,500,-1,-1,No Error,
10543,2024-04-24,500,-1,-1,No Error,
10993,2024-04-24,500,-1,-1,No Error,
11743,2024-04-24,500,-1,-1,No Error,
11744,2024-04-24,500,-1,-1,No Error,
11745,2024-04-24,500,-1,-1,No Error,
11746,2024-04-24,500,-1,-1,No Error,
11747,2024-04-24,500,-1,-1,No Error,
11748,2024-04-24,500,-1,-1,No Error,
11749,2024-04-24,500,-1,-1,No Error,
10789,2024-04-24,500,-1,-1,No Error,
11751,2024-04-24,500,-1,-1,No Error,
11973,2024-04-24,500,-1,-1,No Error,
11753,2024-04-24,500,-1,-1,No Error,
11779,2024-04-24,500,-1,-1,No Error,
11755,2024-04-24,500,-1,-1,No Error,
11756,2024-04-24,500,-1,-1,No Error,
11757,2024-04-24,500,-1,-1,No Error,
11758,2024-04-24,500,-1,-1,No Error,
11030,2024-04-24,500,-1,-1,No Error,
10134,2024-04-24,500,-1,-1,No Error,
11761,2024-04-24,500,-1,-1,No Error,
11762,2024-04-24,500,-1,-1,No Error,
11763,2024-04-24,500,-1,-1,No Error,
11764,2024-04-24,500,-1,-1,No Error,
11765,2024-04-24,500,-1,-1,No Error,
11766,2024-04-24,500,-1,-1,No Error,
11767,2024-04-24,500,-1,-1,No Error,
10486,2024-04-24,500,-1,-1,No Error,
11581,2024-04-24,500,-1,-1,No Error,
10856,2024-04-24,500,-1,-1,No Error,
11771,2024-04-24,500,-1,-1,No Error,
11772,2024-04-24,500,-1,-1,No Error,
11773,2024-04-24,500,-1,-1,No Error,
11774,2024-04-24,500,-1,-1,No Error,
11713,2024-04-24,500,-1,-1,No Error,
11776,2024-04-24,500,-1,-1,No Error,
11777,2024-04-24,500,-1,-1,No Error,
11778,2024-04-24,500,-1,-1,No Error,
11734,2024-04-24,500,-1,-1,No Error,
10624,2024-04-24,500,-1,-1,No Error,
11781,2024-04-24,500,-1,-1,No Error,
11468,2024-04-24,500,-1,-1,No Error,
10100,2024-04-24,500,-1,-1,No Error,
11784,2024-04-24,500,-1,-1,No Error,
11785,2024-04-24,500,-1,-1,No Error,
11786,2024-04-24,500,-1,-1,No Error,
11787,2024-04-24,500,-1,-1,No Error,
11788,2024-04-24,500,-1,-1,No Error,
11424,2024-04-24,500,-1,-1,No Error,
11790,2024-04-24,500,-1,-1,No Error,
11791,2024-04-24,500,-1,-1,No Error,
11812,2024-04-24,500,-1,-1,No Error,
11793,2024-04-24,500,-1,-1,No Error,
11794,2024-04-24,500,-1,-1,No Error,
11795,2024-04-24,500,-1,-1,No Error,
11796,2024-04-24,500,-1,-1,No Error,
11797,2024-04-24,500,-1,-1,No Error,
11798,2024-04-24,500,-1,-1,No Error,
11799,2024-04-24,500,-1,-1,No Error,
11800,2024-04-24,500,-1,-1,No Error,
11801,2024-04-24,500,-1,-1,No Error,
11802,2024-04-24,500,-1,-1,No Error,
11803,2024-04-24,500,-1,-1,No Error,
11804,2024-04-24,500,-1,-1,No Error,
10308,2024-04-24,500,-1,-1,No Error,
11806,2024-04-24,500,-1,-1,No Error,
11720,2024-04-24,500,-1,-1,No Error,
11808,2024-04-24,500,-1,-1,No Error,
11809,2024-04-24,500,-1,-1,No Error,
11810,2024-04-24,500,-1,-1,No Error,
11562,2024-04-24,500,-1,-1,No Error,
10011,2024-04-24,500,-1,-1,No Error,
10407,2024-04-24,500,-1,-1,No Error,
11325,2024-04-24,500,-1,-1,No Error,
10468,2024-04-24,500,-1,-1,No Error,
11816,2024-04-24,500,-1,-1,No Error,
11817,2024-04-24,500,-1,-1,No Error,
11818,2024-04-24,500,-1,-1,No Error,
10105,2024-04-24,500,-1,-1,No Error,
10848,2024-04-24,500,-1,-1,No Error,
11821,2024-04-24,500,-1,-1,No Error,
11822,2024-04-24,500,-1,-1,No Error,
11272,2024-04-24,500,-1,-1,No Error,
11824,2024-04-24,500,-1,-1,No Error,
11825,2024-04-24,500,-1,-1,No Error,
11826,2024-04-24,500,-1,-1,No Error,
11827,2024-04-24,500,-1,-1,No Error,
11828,2024-04-24,500,-1,-1,No Error,
11829,2024-04-24,500,-1,-1,No Error,
11830,2024-04-24,500,-1,-1,No Error,
11831,2024-04-24,500,-1,-1,No Error,
11898,2024-04-24,500,-1,-1,No Error,
11528,2024-04-24,500,-1,-1,No Error,
10464,2024-04-24,500,-1,-1,No Error,
11835,2024-04-24,500,-1,-1,No Error,
11452,2024-04-24,500,-1,-1,No Error,
11560,2024-04-24,500,-1,-1,No Error,
11838,2024-04-24,500,-1,-1,No Error,
10739,2024-04-24,500,-1,-1,No Error,
11840,2024-04-24,500,-1,-1,No Error,
11841,2024-04-24,500,-1,-1,No Error,
11842,2024-04-24,500,-1,-1,No Error,
10675,2024-04-24,500,-1,-1,No Error,
11844,2024-04-24,500,-1,-1,No Error,
11845,2024-04-24,500,-1,-1,No Error,
11846,2024-04-24,500,-1,-1,No Error,
10090,2024-04-24,500,-1,-1,No Error,
10792,2024-04-24,500,-1,-1,No Error,
11904,2024-04-24,500,-1,-1,No Error,
11850,2024-04-24,500,-1,-1,No Error,
11851,2024-04-24,500,-1,-1,No Error,
11852,2024-04-24,500,-1,-1,No Error,
11853,2024-04-24,500,-1,-1,No Error,
10415,2024-04-24,500,-1,-1,No Error,
11855,2024-04-24,500,-1,-1,No Error,
11782,2024-04-24,500,-1,-1,No Error,
11179,2024-04-24,500,-1,-1,No Error,
11858,2024-04-24,500,-1,-1,No Error,
11859,2024-04-24,500,-1,-1,No Error,
11677,2024-04-24,500,-1,-1,No Error,
11627,2024-04-24,500,-1,-1,No Error,
11862,2024-04-24,500,-1,-1,No Error,
11863,2024-04-24,500,-1,-1,No Error,
10691,2024-04-24,500,-1,-1,No Error,
11977,2024-04-24,500,-1,-1,No Error,
11820,2024-04-24,500,-1,-1,No Error,
11847,2024-04-24,500,-1,-1,No Error,
10128,2024-04-24,500,-1,-1,No Error,
11869,2024-04-24,500,-1,-1,No Error,
10191,2024-04-24,500,-1,-1,No Error,
11871,2024-04-24,500,-1,-1,No Error,
10241,2024-04-24,500,-1,-1,No Error,
11873,2024-04-24,500,-1,-1,No Error,
11874,2024-04-24,500,-1,-1,No Error,
11875,2024-04-24,500,-1,-1,No Error,
11876,2024-04-24,500,-1,-1,No Error,
11877,2024-04-24,500,-1,-1,No Error,
11878,2024-04-24,500,-1,-1,No Error,
11879,2024-04-24,500,-1,-1,No Error,
10522,2024-04-24,500,-1,-1,No Error,
11881,2024-04-24,500,-1,-1,No Error,
11882,2024-04-24,500,-1,-1,No Error,
11064,2024-04-24,500,-1,-1,No Error,
10023,2024-04-24,500,-1,-1,No Error,
11604,2024-04-24,500,-1,-1,No Error,
11886,2024-04-24,500,-1,-1,No Error,
11887,2024-04-24,500,-1,-1,No Error,
11888,2024-04-24,500,-1,-1,No Error,
11854,2024-04-24,500,-1,-1,No Error,
11890,2024-04-24,500,-1,-1,No Error,
11891,2024-04-24,500,-1,-1,No Error,
11892,2024-04-24,500,-1,-1,No Error,
11893,2024-04-24,500,-1,-1,No Error,
11894,2024-04-24,500,-1,-1,No Error,
11848,2024-04-24,500,-1,-1,No Error,
11896,2024-04-24,500,-1,-1,No Error,
10849,2024-04-24,500,-1,-1,No Error,
11151,2024-04-24,500,-1,-1,No Error,
11899,2024-04-24,500,-1,-1,No Error,
11900,2024-04-24,500,-1,-1,No Error,
11901,2024-04-24,500,-1,-1,No Error,
11902,2024-04-24,500,-1,-1,No Error,
11903,2024-04-24,500,-1,-1,No Error,
11225,2024-04-24,500,-1,-1,No Error,
11905,2024-04-24,500,-1,-1,No Error,
11906,2024-04-24,500,-1,-1,No Error,
11783,2024-04-24,500,-1,-1,No Error,
10290,2024-04-24,500,-1,-1,No Error,
11909,2024-04-24,500,-1,-1,No Error,
11910,2024-04-24,500,-1,-1,No Error,
11530,2024-04-24,500,-1,-1,No Error,
11775,2024-04-24,500,-1,-1,No Error,
10097,2024-04-24,500,-1,-1,No Error,
11914,2024-04-24,500,-1,-1,No Error,
11915,2024-04-24,500,-1,-1,No Error,
11916,2024-04-24,500,-1,-1,No Error,
10145,2024-04-24,500,-1,-1,No Error,
10833,2024-04-24,500,-1,-1,No Error,
11919,2024-04-24,500,-1,-1,No Error,
11714,2024-04-24,500,-1,-1,No Error,
11921,2024-04-24,500,-1,-1,No Error,
11922,2024-04-24,500,-1,-1,No Error,
11923,2024-04-24,500,-1,-1,No Error,
11924,2024-04-24,500,-1,-1,No Error,
11925,2024-04-24,500,-1,-1,No Error,
11926,2024-04-24,500,-1,-1,No Error,
11913,2024-04-24,500,-1,-1,No Error,
10334,2024-04-24,500,-1,-1,No Error,
11710,2024-04-24,500,-1,-1,No Error,
11930,2024-04-24,500,-1,-1,No Error,
11931,2024-04-24,500,-1,-1,No Error,
11932,2024-04-24,500,-1,-1,No Error,
11933,2024-04-24,500,-1,-1,No Error,
11711,2024-04-24,500,-1,-1,No Error,
11935,2024-04-24,500,-1,-1,No Error,
11936,2024-04-24,500,-1,-1,No Error,
10140,2024-04-24,500,-1,-1,No Error,
11920,2024-04-24,500,-1,-1,No Error,
11939,2024-04-24,500,-1,-1,No Error,
11940,2024-04-24,500,-1,-1,No Error,
10808,2024-04-24,500,-1,-1,No Error,
11512,2024-04-24,500,-1,-1,No Error,
11943,2024-04-24,500,-1,-1,No Error,
10918,2024-04-24,500,-1,-1,No Error,
11945,2024-04-24,500,-1,-1,No Error,
11946,2024-04-24,500,-1,-1,No Error,
11947,2024-04-24,500,-1,-1,No Error,
11948,2024-04-24,500,-1,-1,No Error,
11949,2024-04-24,500,-1,-1,No Error,
11950,2024-04-24,500,-1,-1,No Error,
11951,2024-04-24,500,-1,-1,No Error,
11952,2024-04-24,500,-1,-1,No Error,
11140,2024-04-24,500,-1,-1,No Error,
11954,2024-04-24,500,-1,-1,No Error,
11955,2024-04-24,500,-1,-1,No Error,
10599,2024-04-24,500,-1,-1,No Error,
11692,2024-04-24,500,-1,-1,No Error,
11958,2024-04-24,500,-1,-1,No Error,
11959,2024-04-24,500,-1,-1,No Error,
11960,2024-04-24,500,-1,-1,No Error,
11961,2024-04-24,500,-1,-1,No Error,
11962,2024-04-24,500,-1,-1,No Error,
11963,2024-04-24,500,-1,-1,No Error,
11964,2024-04-24,500,-1,-1,No Error,
11965,2024-04-24,500,-1,-1,No Error,
10301,2024-04-24,500,-1,-1,No Error,
11967,2024-04-24,500,-1,-1,No Error,
11968,2024-04-24,500,-1,-1,No Error,
11969,2024-04-24,500,-1,-1,No Error,
11970,2024-04-24,500,-1,-1,No Error,
11971,2024-04-24,500,-1,-1,No Error,
11972,2024-04-24,500,-1,-1,No Error,
11719,2024-04-24,500,-1,-1,No Error,
11974,2024-04-24,500,-1,-1,No Error,
11975,2024-04-24,500,-1,-1,No Error,
11976,2024-04-24,500,-1,-1,No Error,
11724,2024-04-24,500,-1,-1,No Error,
11978,2024-04-24,500,-1,-1,No Error,
11979,2024-04-24,500,-1,-1,No Error,
11303,2024-04-24,500,-1,-1,No Error,
11981,2024-04-24,500,-1,-1,No Error,
11095,2024-04-24,500,-1,-1,No Error,
11983,2024-04-24,500,-1,-1,No Error,
10529,2024-04-24,500,-1,-1,No Error,
10282,2024-04-24,500,-1,-1,No Error,
11590,2024-04-24,500,-1,-1,No Error,
11987,2024-04-24,500,-1,-1,No Error,
11988,2024-04-24,500,-1,-1,No Error,
11989,2024-04-24,500,-1,-1,No Error,
10495,2024-04-24,500,-1,-1,No Error,
10305,2024-04-24,500,-1,-1,No Error,
11992,2024-04-24,500,-1,-1,No Error,
11993,2024-04-24,500,-1,-1,No Error,
11994,2024-04-24,500,-1,-1,No Error,
11995,2024-04-24,500,-1,-1,No Error,
11990,2024-04-24,500,-1,-1,No Error,
11997,2024-04-24,500,-1,-1,No Error,
11342,2024-04-24,500,-1,-1,No Error,
11999,2024-04-24,500,-1,-1,No Error,
12000,2024-04-24,500,-1,-1,No Error,
